CLAVE,DESCRIPCIÓN
ABRA-001,"ABRAZADERA OMEGA GALV. 1/2"""
ABRA-002,"ABRAZADERA OMEGA GALV. 2"""
ABRA-003,"ABRAZADERA TIPO OMEGA DE 3/4"""
ABRA-004,ABRAZADERA TIPO UÑAS INDUSTRIALES PARED DELGADA 2 X1/4
ABRA-005,"ABRAZADERA SINFIN 7/16"""
ABRA-010,ABRAZADERA SINFIN #4 (6-12MM)
ABRA-011,"ABRAZADERA SINFIN GATES #12 (3/4"")"
ACEI-001,ACEITE CASTROL HYSPIN AWS 68
ACEI-002,ACEITE CASTROL HYSPIN SPINDLE OIL 2
ACEI-003,ACEITE HIDRAULICO 220
ACEI-004,ACEITE HIDRAULICO ISO 150 32
ACEI-005,ACEITE MOBIL DTE 24 CODIGO 122690
ACEI-006,ACEITE MOBIL VACTRA N° 2
ACEI-007,ACEITE OSOCO VISCOUS-2
ACEI-008,ACEITE LUBRICANTE SEMISINTETICO PM460
ACEI-009,ACEITE TELLUS S2 MX 32
ACEI-010,ACEITE HIDRAHULICO Y TRANSMISION DE POTENCIA TELLUS S2 MX 46 (ISO VG 46)
ACEI-011,ACEITE MOBIL DTE OIL MED PAIL 5USG
ACEI-012,ACEITERA MIKEL´S 500 ml MANGUERA FLEXIBLE
ACEI-013,ACEITE MOBIL VELOCITE NO 3 DRUM 55USG EXPORT
ACEI-014,ACEITE MOBIL DTE OIL LIGHT DRUM
ACEI-015,ACEITE TONNA S2 MX 68
ADAP-001,ADAPTADOR DIFUSOR TIPO MILLER M-25 #169728
ADAP-002,ADAPTADOR NOZZLE TIPO MILLER M-25 #169729
ADAP-003,ADAPTADOR DIFUSOR 45 AMP #220670
ADAP-004,"DIFUSOR D-M250 MDX250 MILLER
SKU: 3066"
ADAP-005,"DIFUSOR MILLERMATIC 140,180, DVI, PASSPORT #169716 
MILLER 
SKU: 395"
ADAP-006,Difusor WLD*WM-K54A5
ADHE-001,ADHESIVO ESTRUCTURAL 20251 330 MCA. LOCTITE
ADHE-002,LOCTITE 242 - AZUL
ADHE-003,LOCTITE 262 - ROJO
ADHE-004,LOCTITE 290 -VERDE
ADIT-001,ADITIVO ANTIFOAM HANGSTERFER'S CLAVE H-7
AGAR-001,AGARRA PAPEL 32MM
AGAR-002,AGARRA PAPEL 41MM
ALAM-001,ALAMBRE MCA. 3G 0.25MM 900 N/MM 8KG
ALCO-001,ALCOHOL ISOPROPILICO
ANILM001,ANILLO DE RETENCION P/EXT. SEGURO OM 25mm.
ANILM002,ANILLO DE RETENCION P/EXT. SEGURO OM 38mm.
ANILM003,ANILLO DE RETENCION P/EXT. SEGURO OM 40mm.
ANILM004,ANILLO DE RETENCION P/EXT. SEGURO OM 68mm.
ANILM005,ANILLO DE RETENCION P/EXT. SEGURO OM 20mm.
ANILM006,ANILLO DE RETENCION P/EXT. SEGURO OM 12mm.
ANILM007,ANILLO DE RETENCION P/EXT. SEGURO OM 30mm.
ANILM008,ANILLO DE RETENCION P/EXT. SEGURO OM 65mm.
ANILM009,ANILLO DE RETENCION P/EXT. SEGURO OM 28MM
ANILM012,ANILLO DE RETENCION P/EXT. SEGURO OM 40mm.
ANILM024,ANILLO DE RETENCION P/EXT. SEGURO OM 11mm.
ANILM025,ANILLO DE RETENCION P/EXT. SEGURO OM 19mm.
ANILM027,ANILLO DE RETENCION P/INT. SEGURO OM 72mm.
ANILM101,ANILLO DE RETENCION P/INT. SEGURO OM 42mm.
ANILM102,ANILLO DE RETENCION P/INT. SEGURO OM 48mm.
ANILM103,ANILLO DE RETENCION P/INT. SEGURO OM 52mm.
ANILM104,ANILLO DE RETENCION P/INT. SEGURO OM 62mm.
ANILM105,ANILLO DE RETENCION P/INT. SEGURO OM 65mm.
ANILM106,ANILLO DE RETENCION P/INT. SEGURO OM 70mm.
ANILM107,ANILLO DE RETENCION P/INT. SEGURO OM 76mm.
ANILM108,ANILLO DE RETENCION P/INT. SEGURO OM 46mm.
ANILM109,ANILLO DE RETENCION P/INT. SEGURO OM 47mm.
ANILM110,ANILLO DE RETENCION P/INT. SEGURO OM 12mm.
ANILM111,ANILLO DE RETENCION P/INT. SEGURO OM 110mm.
ANILM112,ANILLO DE RETENCION P/INT. SEGURO OM 28MM
ANILS001,"ANILLO DE RETENCION P/EXT. SEGURO OM 9/16"""
ANILS002,"ANILLO DE RETENCION P/EXT. SEGURO OM 19/32"""
ANILS003,"ANILLO DE RETENCION P/EXT. SEGURO OM 5/8"""
ANILS004,"ANILLO DE RETENCION P/EXT. SEGURO OM 11/16"""
ANILS005,"ANILLO DE RETENCION P/EXT. SEGURO OM 1 3/16"""
ANILS006,"ANILLO DE RETENCION P/EXT. SEGURO OM 1"" 3/8"""
ANILS007,"ANILLO DE RETENCION P/EXT. SEGURO OM 1"" 5/16"""
ANILS008,"ANILLO DE RETENCION P/EXT. SEGURO OM 1 11/16"""
ANILS009,"ANILLO DE RETENCION P/EXT. SEGURO OM 2"""
ANILS010,"ANILLO DE RETENCION P/EXT. SEGURO OM 4"""
ANILS011,"ANILLO DE RETENCION P/EXT. SEGURO OM 3 15/16"""
ANILS012,ANILLO DE RETENCION P/EXT. SEGURO OM 28MM
ANILS012,"ANILLO DE RETENCION P/EXT. SEGURO OM 3 3/4"""
ANILS013,"ANILLO
  DE RETENCION P/EXT. SEGURO OM 1/2"""
ANILS101,"ANILLO DE RETENCION P/INT. SEGURO OM 2 1/2"""
ANILS102,ANILLO DE RETENCION P/INT. SEGURO OM 28MM
ANTI-001,ANTICONGELANTE KRONEN CLAVE 3966
APAG-001,APAGADOR DE SOBREPONER OVAL MARFIL WD0221
ARANM001,ARANDELA DE SEGURIDAD ACERO CINCADO 14 mm
ATOM-001,ATOMIZADOR DE USO RUDO DE 1/2 L
AVEL-001,AVELLANADOR 3/16 ANGULO 60° DE CARBURO
AVELS301,AVELLANADOR HSS 3/8 X 90°
AVELS302,AVELLANODOR HSS3/16 X 90°
AVELS303,AVELLANADOR HSS 1/8 X 45°
AVELS304,AVELLANADOR HSS DE 1/4 X 90°
AVELS305,AVELLANADOR HSS 5 / 16 90°
AVELS306,AVELLANADOR DE CARBURO 1/4 X 90°
BACO-001,BROCHE BACO 8CM
BALA-001,"BALA ACERO INOX 316L DE 3/16"""
BALA-002,"BALA ACERO INOX 420 DE 3/16"""
BAND-002,"BANDA DE LIJA TZAX 6 X 48"""
BAND-003,BANDA T 5 425 MM - 2 A 10 MM (KAWT5425)
BAND-006,BANDA GATES A32
BAND-007,BANDA GATES A25
BAND-008,BANDA GATES 1330
BAND-009,BANDA GATES K060355
BAND-010,BANDA DENTADA 6334GSMX
BAND-012,"BANDA
  P6.3815.1"
BAND-014,"BANDA
  P6.3772.0"
BARR-004,BARRA EN PASTA INOX. P/PULIR 2404
BARR-301,BARRA PARA BORING BB-3201500 304Y
BARR-302,BARRA PARA BRING BB-2301400 035V
BARR-303,BARRA PARA BORING BB-2301000
BARR-304,BARRA PARA BORING IT-2301000
BARR-305,BARRA PARA BORING BB-1801100
BARR-306,BARRA PARA BORING BB-2901500
BARR-307,BARRA PARA BORING BB-2301400
BARR-308,"Barra TopNotch TAM02 A20QNNTOR2 Ømin = 26 mm - Zanco= 20 mm 
MM 1098949"
BARR-309,BARRA DE INTERIOR A10K-SWLXL04-D120 (6989898)
BASE-001,BASE ADHERIBLE PEGOTE
BASE-002,BASE NIVELADORA PARA ITEM M10 X 80
BASE-003,BASE NIVELADORA PARA ITEM M8 X 80
BIZA-001,BISAGRA BOSCH PA66
BIZA-002,"BISAGRA DE 1/2"""
BIZA-003,"BISAGRA DE 3/4"""
BIZA-004,BISAGRA DE 5/8
BIZA-005,"BISAGRA DE ALUMI NIO DE 1/2"" (ITEM)"
BOLI-001,BOLIGRAFO ROJO PUNTO MEDIANO
BOLI-002,BOLIGRAFO NEGRO PUNTO MEDIANO
BOLI-003,BOLIGRAFO AZUL PUNTO MEDIANO
BOQU-001,BOQUILLA 45 AMP #220671
BOQU-002,BOQUILLA ER 16 3 - 4 mm
BOQU-003,BOQUILLA ER 16 4 - 5 mm
BOQU-004,BOQUILLA P/ EQUIPO DE CORTE DE GAS SC50-2
BOQU-005,BOQUILLA DE CERAMICA 54N14 GAS LENS #8 OBE SKU: 792
BOQU-006,"BOQUILLAS ER-40 METRICAS 4-26mm (JGO 23 PZS) HPI
HP-ER40-MSET"
BOQU-007,BOQUILLA ER-40 25mm
BORR-001,BORRADOR PARA PIZARRON VERDE
BOTA-001,BOTA BORCEGUI RIV ATI-01 T24 NG
BOTA-002,BOTA BORCEGUI RIV ATI-01 T25NG
BOTA-003,BOTA BORCEGUI RIV ATI-01 T26 NG
BOTA-004,BOTA BORCEGUI RIV ATI-01 T27 NG
BOTA-005,BOTA BORCEGUI RIV ATI-01 T28 NG
BOTA-006,BOTA BORCEGUI RIV ATI-01 T29 NG
BOTA-007,BOTA BORCEGUI RIV ATI-01 T30 NG
BOTA-008,BOTIN RIVERLAND SPARKS SPS-01 #27 NG )
BOTA-009,BORCEGUI RIV EVOLUTION ELNG3-01 T27 NG)/
BOTA-011,BOTADOR NITRURADO DIAM 10 X 315 MM
BOTA-012,"BOTADOR NITRURADO DIAM 20 X 315 MM 
"
BOTA-013,BOTA BORCEGUI RIV EVOLUTION ELNG3-01 T26 NG)/
BRCH-001,"BROCHA DE 4"""
BRCH-002,"BROCHA PERFECT 2"""
BROC-001,BROCA DE CENTRO HSS #1
BROC-002,BROCA DE CENTRO HSS #2
BROC-003,BROCA DE CENTRO HSS #3
BROC-004,BROCA DE CENTRO HSS #4
BROC-005,BROCA DE CENTRO HSS #5
BROC-006,BROCA DE CENTRO HSS #6
BROC-007,BROCA DE CENTRO HSS #7
BROC-008,BROCA DE CENTRO HSS #8
BROC-009,BROCA NUMERICA #19
BROC-010,BROCA NUMERICA #30
BROC-011,BROCA DE CENTRO #2 DE CARBURO
BROC-013,BROCA NUMERICA #7
BROCM001,BROCA HSS 1mm
BROCM002,BROCA HSS 1.5mm
BROCM003,BROCA HSS 2mm
BROCM004,BROCA HSS 2.5mm
BROCM005,BROCA HSS 3mm
BROCM006,BROCA HSS 3.5mm
BROCM007,BROCA HSS 4mm
BROCM008,BROCA HSS 4.5mm
BROCM009,BROCA HSS 5mm
BROCM010,BROCA HSS 5.5mm
BROCM011,BROCA HSS 6mm
BROCM012,BROCA HSS 6.5mm
BROCM013,BROCA HSS 7mm
BROCM014,BROCA HSS 7.5mm
BROCM015,BROCA HSS 8mm
BROCM016,BROCA HSS 8.5mm
BROCM017,BROCA HSS 9mm
BROCM018,BROCA HSS 9.5mm
BROCM019,BROCA HSS 10mm
BROCM020,BROCA HSS 10.5mm
BROCM021,BROCA HSS 11mm
BROCM022,BROCA HSS 11.5mm
BROCM023,BROCA HSS 12mm
BROCM024,BROCA HSS 12.5mm
BROCM025,BROCA HSS 13mm
BROCM026,BROCA 1mm DE CARBURO
BROCM027,BROCA DE 8mm C/RECUBRIMIENTO DE TIALN
BROCM028,BROCA HSS 13.5mm
BROCM101,BROCA HSS CONICA 14.5mm
BROCM102,BROCA HSS CONICA 15mm
BROCM103,BROCA HSS CONICA 16mm
BROCM104,BROCA HSS CONICA 17mm
BROCM105,BROCA HSS CONICA 18mm
BROCM106,BROCA HSS CONICA 19mm
BROCM107,BROCA HSS CONICA 20mm
BROCM108,BROCA HSS CONICA 21mm
BROCM109,BROCA HSS CONICA 22mm
BROCM110,BROCA HSS CONICA 23mm
BROCM111,BROCA HSS CONICA 22.75mm
BROCM201,"BROCA HSS 14mm C/ZANCO DE 1/2"""
BROCM202,"BROCA HSS 16mm C/ZANCO DE 1/2"""
BROCM203,"BROCA HSS 16.5mm C/ZANCO DE 1/2"""
BROCM204,"BROCA HSS 17mm C/ZANCO DE 1/2"""
BROCM205,"BROCA HSS 17.5mm C/ZANCO DE 1/2"""
BROCM210,BROCA HSS 18.5mm. C/ZANCO DE 1/2
BROCM301,BROCA A1922S-8 HSS 8mm 650mm-LT/550mm-LE
BROCM302,BROCA A1822-9.5 HSS 9.5mm 380mm-LT/280mm-LE
BROCM303,BROCA A1922S-14 HSS 14mm 780mm-LT/680mm-LE
BROCM304,BROCA A1922S-8 HSS 8mm 445mm-LT/345mm-LE (MOD)
BROCM305,BROCA HSS 6mm 280mm-LT/65mm-LE
BROCM306,BROCA 19mm TDX190F25-3 (6718340)
BROCM307,BROCA TDS250F25-3 (6710985)
BROCM401,BROCA DE CARBURO 6.8MM
BROCM402,BROCA DE CARBURO 5MM
BROCS001,"BROCA HSS 1/16"""
BROCS002,"BROCA HSS 5/64"""
BROCS003,"BROCA HSS 3/32"""
BROCS004,"BROCA HSS 7/64"""
BROCS005,"BROCA HSS 1/8"""
BROCS006,"BROCA HSS 9/64"""
BROCS007,"BROCA HSS 5/32"""
BROCS008,"BROCA HSS 11/64"""
BROCS009,"BROCA HSS 3/16"""
BROCS010,"BROCA HSS 13/64"""
BROCS011,"BROCA HSS 7/32"""
BROCS012,"BROCA HSS 15/64"""
BROCS013,"BROCA HSS 1/4"""
BROCS014,"BROCA HSS 17/64"""
BROCS015,"BROCA HSS 9/32"""
BROCS016,"BROCA HSS 19/64"""
BROCS017,"BROCA HSS 5/16"""
BROCS018,"BROCA HSS 21/64"""
BROCS019,"BROCA HSS 11/32"""
BROCS020,"BROCA HSS 23/64"""
BROCS021,"BROCA HSS 3/8"""
BROCS022,"BROCA HSS 25/64"""
BROCS023,"BROCA HSS 13/32"""
BROCS024,"BROCA HSS 27/64"""
BROCS025,"BROCA HSS 7/16"""
BROCS026,"BROCA HSS 29/64"""
BROCS027,"BROCA HSS 15/32"""
BROCS028,"BROCA HSS 31/64"""
BROCS029,"BROCA HSS 1/2"""
BROCS030,"BROCA HSS 49/64"""
BROCS031,"BROCA HSS 1/32"""
BROCS032,"BROCA HSS 1/64"""
BROCS033,"BROCA HSS 3/4"""
BROCS101,"BROCA HSS CONICA 1 3/8"""
BROCS102,"BROCA HSS CONICA 1 13/32"""
BROCS103,"BROCA HSS CONICA 1 1/2"""
BROCS201,"BROCA HSS 9/16"" C/ZANCO DE 1/2"""
BROCS202,"BROCA HSS 5/8"" C/ZANCO DE 1/2"""
BROCS203,"BROCA HSS 3/4"" C/ZANCO DE 1/2"""
BROCS204,"BROCA HSS 7/8"" C/ZANCO DE 1/2"""
BROCS205,"BROCA HSS 1"" C/ZANCO DE 1/2"""
BROCS206,"BROCA HSS 39/64"" C/ZANCO DE 1/2"""
BROCS207,"BROCA HSS 1 3/16"" C/ZANCO DE 1/2"""
BROCS208,"BROCA HSS 1 1/2"" C/ZANCO DE 1/2"""
BROCS209,"BROCA HSS 1 1/4"" C/ZANCO DE 1/2"""
BROCS210,"BROCA HSS 1 3/4"" C/ZANCO DE 3/4"""
BROCS211,"BROCA HSS 1 1/8"" C/ZANCO DE 1/2"""
BROCS212,"BROCA HSS 47/64"" C/ZANCO DE 1/2"""
BROCS213,"BROCA HSS 19/32"" C/ZANCO DE 1/2"""
BROCS214,"BROCA HSS 17/32"" C/ZANCO DE 1/2"""
BROCS215,"BROCA HSS 13/16"" C/ZANCO DE 1/2"""
BROCS301,BROCA HSS 19/32 300mm-LT/230-LE
BROCS302,BROCA HSS 19/64 300mm-LT/75-LE
BROCS303,BROCA HSS 17/64 305mm-LT/70-LE
BROCS304,BROCA HSS 1/2 310mm-LT/230-LE
BROCS305,"BROCA HSS 9/16 260mm-LT/180-LE C/ZANCO DE 9/16"""
BROCS306,BROCA HSS 5/32 150mm-LT/50mm-LE
BROCS307,"BROCA HSS 5/16"" 145mm-LT/80mm-LE"
BROCS308,BROCA HSS 7/32 220mm-LT/145-LE
BROCS401,"BROCA P/CONCRETO 1/2"" X 6"""
BROCS402,"BROCA P/CONCRETO 1/2"" X 4"""
BROCS403,"BROCA P/CONCRETO 3/8"" X 4"""
BUJE-001,BUJE DODGE 1108B 1/2
BUJE-002,"BUJE DODGE 1310B 1/2"""
BUJE-003,BUJE ATIDESGASTE INA PAP 2020 P10
BUJE-004,BUJE DODGE 2012 1 1/8
BUJE-005,"BUJE DODGE 2012 1 1/2"" - KW"
BUJE-006,BUJE ANTIDESGASTE INA PAP 1208 P10
BURI-001,"BURIL DE COBALTO DE 5/16"" X 5716"" X 2 1/2"""
BURI-002,"BURIL DE COBALTO DE 3/8"" X 3/8"" X 3"""
BURI-003,"BURIL DE COBALTO 1/2x1/2x4"""
BURI-004,BURIL DE COBALTO 5/8 X 5/8 X 41/2
BURI-005,"BURIL DE COBALTO DE 3/4"" X 3/4"" X 5"""
BURI-006,"BURIL DE COBALTO 1"" X 7"""
BURI-007,BURIL DERECHO PASTILLA DE CARBURO SOLD. 1/4
BURI-008,BURIL DERECHO PASTILLA DE CARBURO SOLD. 5/16
BURI-009,BURIL DERECHO PASTILLA DE CARBURO SOLD. 3/8
BURI-010,BURIL DERECHO PASTILLA DE CARBURO SOLD. 1/2
BURI-011,BURIL IZQUIERDO PASTILLERO DE CARBURO SOLD. 1/4
BURI-012,BURIL IZQUIERDO PASTILLA DE CARBURO SOLD. 5/16
BURI-013,BURIL IZQUIERDO PASTILLA DE CARBURO SOLDABLE 3/8
BURI-014,BURIL IZQUIERDO PASTILLA DE CARBURO SOLD. 1/2
BURI-015,BURIL IZQUIERDO PASTILLA DE CARBURO SOLD. 5/8
BURI-016,BURIL DE PUNTA PASTILLA DE CARBURO SOLD. 5/8
BURI-017,BURIL DE PUNTA PASTILLA DE CARBURO SOLD. 3/4
BURI-018,"BURIL DE COBALTO 1/4"" X1/4""X 3"""
CABE-001,CABEZA DE BROCA HYDRA 13 MM DORMER
CABE-002,CABEZAL AM UNIVERSAL 2 BROCHES DERMA CARE
CABL-001,CABLE USO RUDO DE 4 POLOS CALIBRE 14
CABL-002,"CABLE UTP CAT5E BELDEN 5663U5 008U1000 GRIS 24AWG
ESPECIAL PARA SEGURIDAD 1000FT 305 MTO"
CABL-003,CABLE USO RUDO DE 3 POLOS CALIBRE 16
CABL-004,CABLE USO RUDO DE 4 POLOS CALIBRE 12
CABL-005,CABLE CALI.1/0 CON FORRO
CABL-006,CABLE DE COBRE DESNUDO CAL.1/0
CABL-007,CABLE USO RUDO 3 HILOS CAL. 10
CAJA-001,CAJA DE CARTON CORRUGADO SENCILLO DE 30 X 15 X 20
CALI-001,"CALIBRADOR DIGIMATIC 6""/150 MM"
CALI-002,CALIBRADOR DIGIMATIC
CALI-003,"CALIBRADOR DIGIMATIC 8""/200 MM"
CALI-004,"MICROMETRRO DIGIMATIC 0-1""/0-25 MM"
CAMI-001,CAMISA DE MEZCLILLA T/40
CAMI-002,CAMISA DE MEZCLILLA T/42
CAMI-003,CAMISA AZUL T/40
CANC-001,CANCAMO DIN 580-M8-ST MCA. Elesa Ganter
CAND-001,CANDADO PHILIPS MOD 114
CAND-002,CANDADO PHILIPS MOD 112
CAND-003,CANDADO MASTER LOOK BLOQUEO 406
CAND-004,CANDADO MASTER LOOK BLOQUEO 410
CAND-007,CANDADO PHILIPS MOD 116
CARB-001,CARBON PARA PULIDORA BOSCH MOD- GWS 15-125 CIE
CARD-001,CARDA CIRCILAR #123249 MARCA SURTEK
CARE-001,CARETA FIBRA DE VIDRIO 2SC-200M INFRA
CARE-002,CARETA FACIAL PROTECTORA
CARE-003,CARETA INFRA ELECTRONICA 2SC702-NEGRA
CARE-004,CARETA INFRA CONCHA FV C/MTR 2SC200M
CART-001,"CARTUCHO CASIO XR-9YW1 (9"")"
CART-002,CARTUCHO EPSON 664 AZUL
CART-003,CARTUCHO EPSON 664 MAGENTA
CART-004,CARTUCHO EPSON 664 NEGRO
CART-005,CARTUCHO LEXMARK T650H80G
CART-006,CARTUCHO BROTHER LC3019 NEGRO
CART-007,CARTUCHO BROTHER LC3019 MAGNETA
CART-008,CARTUCHO BROTHER LC3019 YELLOW
CART-009,CARTUCHO BROTHER LC3019 CIA
CASC-001,CASCO DE SEGURIDAD 3M C/SUSP. MATRACA H701R BC D
CASC-002,CASCO DE SEGURIDAD 3M C/SUSP. MATRACA H701R NJ D
CASC-003,CASCO DE SEGURIDAD 3M C/SUSP. MATRACA H701R RJ D
CASQM001,CASQUILLO #22 ( 8-1.25 X 12-1.50 X 20)
CENT-001,CENTRO DE CARGA 2P./50A. QOD2S SOBREPONER SQUARE D
CEPI-001,CEPILLO CIRCULAR ALAMBRE ONDULADO 150 X 0.356mm (986)
CEPI-002,CEPILLO DE ALAMBRE ACERO AL CARBON
CEPI-004,"CEPILLO TIPO COPA ALAMBRE TRENZADO DIAM. 3"" BARRENO MULTIROSCA ACERO AL CARBON (965)"
CEPI-005,"CEPILLO TIPO COPA ALAMBRE TRENZADO DIAM. 3"" DE ACERO INOXIDABLE (967)"
CEPI-006,"CEPILLO TIPO COPA ALAMBRE TRENZADO DIAM. 4 3/4"" DE ACERO AL CARBON (2888)"
CEPI-007,"CEPILLO TIPO COPA ALAMBRE TRENZADO DIAM. 5"" (963)"
CEPI-008,"CEPILLO TIPO COPA ALAMBRE TRENZADO DIAM. 4"" (968)"
CEPI-009,CEPILLO P/INOX MANGO DE MADERA
CERA-001,"CERAMICA 10N47 #7
SKU-790"
CERR-001,CERRADURA PHILLIPS DERECHA MOD. 715
CEST-001,CESTO DE BASURA
CHAL-001,CHALECO MBR GABARDINA MD NARANJA
CHAL-002,CHALECO MBR GABARDINA CH NARANJA
CHAL-003,CHALECO MBR GABARDINA GD NARANJA
CHAL-004,CHALECO MBR GABARDINA GD ROJO
CHAM-001,CHAMARRA MUJER T/30
CHAM-002,CAMARRA MUJER T/32
CHAM-003,CAMARRA MUJER T/34
CHAM-004,CHAMARRA HOMBRE T/M
CHAM-005,CHAMARRA HOMBRE T/G
CHAM-006,CHAMARRA HOMBRE T/XG
CHAM-007,CHAMARRA HOMBRE CHICA
CHUM-001,CHUMACERA DE COCOL FL208 UC 208
CHUM-002,CHUMACERA DE PARED FK F208 UC 208
CHUM-003,CHUMACERA DE PISO ETK P206 UC 206-18
CHUM-004,"CHUMACERA DE PISO FAG 1 1/2"" UCP 208-24-J7"
CHUM-005,CHUMACERA DE PISO FK P205 UC 205-16
CHUM-006,"CHUMACERA DE PISO NBF 211-32 (2"")"
CHUM-007,CHUMACERA DE PISO DE 50 mm
CHUM-008,CHUMACERA COCOL FAG 30 mm UCFL206
CHUM-011,"CHUMACERA SKF SY 1. TF
( SKF YAR-205-100-2F Y SKF SY-505-M)"
CINC-001,CINCHILLO DE PLASTICO 100 X 2.5mm (100 PZS)
CINC-002,CINCHILLO DE PLASTICO 300 X 4.6mm
CINC-003,CINCEL 1 X 12 MARCA URREA MODELO 86A1X12
CINC-004,CINCHILLO DE PLASTICO 203 X 4.6 MM (50 PZS)
CINT-001,CINTA TEFLON 1/2 SURTEK 138052
CINT-002,CINTA TEFLON 3/4 SURTEK 138053
CINT-005,CINTA ADHESIVA
CINT-006,CINTA AISLANTE SURTEK 138000
CLAM-001,CLAMP ASC422 D30 6853214
CLAM-002,CLAMP ACP45 (6853757)
CLAM-015,CLAMP CK10 MM 1018331
CLAV-001,"CLAVIJA 110V 15A CON PIN DE TIERRA, DE HULE Y ENTRADA RECTA"
CLAV-002,"CLAVIJA 110V 15A CON PIN DE TIERRA, DE VINIL USO RUDO"
CLAV-004,CLAVIJA SENCILLA 15 A 250 V R500
CLIP-001,CLIP N1 INOXIDABLE 100 PIEZAS
CLIP-002,CLIP N2 INOXIDABLE 100 PIEZAS
CLIP-003,CLIP JUMBO INOXIDABLE 100 PIEZAS
CLIP-004,CLIP MARIPOSA BASICO #1
CLOR-001,CLORALEX DE 1 GALON
CLOR-002,CLORALEX DE 10 LITROS
CODO-001,"CODO CONDUIT PARED DELGADAD GALV. 2"""
COFI-001,COFIA PLISADA RD-CP08 DERMA CARE
CONE-001,"CONECTOR PARA CONDUIT EMT EN ACERO GALVANIZADO DE 2"""
CONO-001,CONO MORSE PARA BROCA CONICA CHICO
CONO-002,CONO MORSE PARA BROCA CONICA GRANDE
CONT-001,CONTACTO DUPLEX POLARIZADO 15A 125V
CONT-002,CONTACTO DUPLEX MARFIL DE SOBREPONER WD0198 ROYER
CONT-007,PAPEL CONTACT 45CM ANCHO
COPA-001,COPA 45 AMP. PMX 45 #220713
COPL-001,"COPLE PARA CONDUIT EMT EN ACERO GALVANIZADO DE 2"""
CORR-002,CINTA CORRECTORA AZUL
CORT-001,"CORTADORA PARA METAL 14"""
CORTM001,CORTADOR CIRCULAR 12mm. C/RECUB. TIALN
CORTM002,CORTADOR DE CARBURO 2mm 4FILOS PLANO CON RECUBRIMIENTO TIALN
CORTM003,CORTADOR VERTICAL DE CARBURO 4mm. 4 FILOS PLANO CON RECUB. TIALN
CORTM004,CORTADOR VERTICAL DE CARBURO 6mm. 4 FILOS PLANO CON RECUB. TIALN
CORTM005,CORTADOR 4F 8x8x60 CR 2.0 G859082
CORTM006 T,CORTADOR DE CARBURO 9mm. 4 FILOS PLANO CON RECUBRIMIENTO TIALN
CORTM007,CORTADOR VERTICAL DE CARBURO 10mm. 4 FILOS PLANO C/RECUB. TIALN
CORTM008 F,CORTADOR VERTICAL DE CARBURO 12mm. 4 FILOS PLANO C/RECUB. TIALN
CORTM008 T,CORTADOR VERTICAL DE CARBURO 12mm. 4 FILOS PLANO C/RECUB. TIALN
CORTM009,CORTADOR VERTICAL DE CARBURO 11 MM 4 FILOS PLANO CON RECUB. TIALN
CORTM010,CORTADOR TORICO 6mm R1.5 4F (CO37710011)
CORTM011,CORTADOR TORICO 8mm R2 4F (CO37710016)
CORTM012,CORTADOR VERTICAL PLANO 8X8X19X63 6FR CLAVE G8D63080
CORTM013,CORTADOR ESFERICO 4MM 5170734 EBO 40A07-4 C06-IC900 CLAVE 05620569
CORTM014 F,CORTADOR VERTICAL DE CARBURO 2mm 4 FILOS ESFERICO CON RECUB. TIALN
CORTM014 T,CORTADOR VERTICAL DE CARBURO 2mm 4 FILOS ESFERICO CON RECUB. TIALN
CORTM015,CORTADOR VERTICAL DE CARBURO 5mm 4 FILOS PLANO CON RECUB. TIALN
CORTM016,CORTADOR DE CARBURO 5mm 4 FILOS ESFERICO CON RECUBRIMIENTO TIALN
CORTM017,CORTADOR VERTICAL DE CARBURO 6 mm 4 FILOS ESFERICO CON RECUB TIALN
CORTM018,CORTADOR TORICO DE CARBURO 10 mm 4 FILOS CON RECUBRIMIENTO TIALN
CORTM019,CORTADOR VERTICAL DE CARBURO 5mm 2 FILOS ESFERICO CON RECUBRIMIENTO TIALN
CORTM020,CORTADOR DE CARBURO 1mm 4 FILOS PLANO CON RECUBRIMIENTO TIALN
CORTM021,CORTADOR VERTICAL DE CARBURO DE 1.5mm 4 FILOS PLANO C/RECUB. TIALN
CORTM027,CORTADOR PLANO 6mm 203211 6 ANILLO ROJO
CORTM028,CORTADOR PLANO 8mm 203211 8 ANILLO ROJO
CORTM030,CORTADOR PLANO 10mm 203211 10 ANILLO ROJO
CORTM034,CORTADOR DE CARBURO 8mm R2 PLANO 75N508053LT MM2544450
CORTM036,CORTADOR PLANO 4mm 203211 4 ANILLO ROJO
CORTM301,CORTADOR TORICO DE CARBURO 6XR1.5
CORTM302 F,CORTADOR DE CARBURO 3MM 2 FILOS ESFERICO
CORTM303,CORTADOR VERTICAL DE CARBURO 4MM 2 FILOS ESFERICO
CORTM304,CORTADOR VERTICAL DE CERBURO 5MM 2 FILOS ESFERICO CON RECUBRIMIENTO TIALN
CORTM305,CORTADOR VERTICAL TORICO 4 X R1
CORTM306,CORTADOR TORICO DE CARBURO 8 X R2
CORTM307,CORTADOR VERTICAL DE CARBURO 1MM 4 FILOS ESFERICO C/RECUB. TIALN
CORTM309,CORTADOR CARB. BL 4 X 6 X 50mm 2FL CO91100411
CORTM313,CORTADOR F2AL0300AWS30L300 ESFERICO KC639M 3X6X50mm 2F 6524766
CORTM314,CORTADOR F2L0400AWS30L400 ESFERICO KC 639M 4X6X50mm 2F 6524767
CORTM315,CORTADOR PLANO 6mm R0.5 206422 6/0.5
CORTM321,CORTADOR DE CARBURO 1MM 4 FILOS ESFÉRICO C/RECUB TIALN
CORTM323,CORTADOR EMBPE3040-40-09-ATH ESFERICO TIPO M LAPIZ D 4mm x 40mm x 90mm LARGO
CORTM404,CORTADOR ESR7040600520 PC305H 6X6X20X60mm R0.5
CORTM405,CORTADOR ESPM4060-15L PC305H 6X6X2.5X12X90mm R1.5
CORTM406,CORTADOR ESPM408020L PC305H 8X8X3.5X16X100mm R2
CORTM412,CORTADOR DE CARBURO R1 4X10X70mm 4F ESR73404010
CORTM416,CORTADOR PLANO DE CARBURO 3mm EPPM4030-TH
CORTS001,CORTADOR VERTICAL DE CARBURO 1/16 4 FILOS PLANO CON RECUB. TIALN
CORTS002 F,CORTADOR VERTICAL DE CARBURO 1/8 4 FILOS C/RECUB. TIALN PLANO
CORTS002 T,CORTADOR VERTICAL DE CARBURO 1/8 4 FILOS C/RECUB. TIALN PLANO
CORTS003 F,CORTADOR VERTICAL DE CARBURO 3/16 4 FILOS PLANO CON RECUB. TIALN
CORTS003 T,CORTADOR DE CARBURO 3/16 4 FILOS PLANO CON RECUBRIMIENTO TIALN
CORTS004 F,CORTADOR VERTICAL DE CARBURO 1/4 4 FILOS PLANO C/RECUB. TIALN
CORTS004 T,CORTADOR DE CARBURO 1/4 4 FILOS PLANO CON RECUBRIMIENTO TIALN
CORTS005 F,CORTADOR DE CARBURO 5/16 4 FILOS PLANO CON RECUBRIMIENTO TIALN
CORTS005 T,CORTADOR DE CARBURO 5/16 4 FILOS PLANO CON RECUBRIMIENTO TIALN
CORTS006 F,CORTADOR VERTICAL DE CARBURO 1/2 4 FILOS PLANO C/RECUB. TIALN
CORTS007 F,"CORTADOR VERTICAL DE CARBURO 1/2 GALVANIZADO 2"" ZANCO 2"" 4 FILOS PLANO C/RECUB. TIALN"
CORTS008 F,"CORTADOR VERTICAL DE CARBURO 8MM GALVANIZADO 50 MM ZANCO 2"" 4 FILOS PLANO C/RECUB. TIALN"
CORTS009 F,CORTADOR VERTICAL DE CARBURO 1/4 LARGO TOTAL 100MM 4 FILOS PLANO C/RECUB. TIALN
CORTS010 F,CORTADOR VERTICAL DE CARBURO 1/4 4 FILOS ESFERICO CON RECUB. TIALN
CORTS011,CORTADOR DE CARBURO 1/32 4F PLANO C/RECUB TIALN
CORTS012,CORTADOR DE CARBURO 3/32 4F PLANO C/RECUB TIALN
CORTS014,CORTADOR DE CARBURO 3/8 X 2 X 4 C/RECUB. TIALN MCA. FULLERTON
CORTS301,CORTADOR VERTICAL DOBLE DE 1/2 PLANO PARA ACERO INOXIDABLE
CORTS302,"CORTADOR VERTICAL DE 1/2 4 FILOS PLANO, PARA ACERO INOXIDABLE"
CORTS303,"CORTADOR VERTICAL DE CARBURO 1/2 4 FILOS PLANO, CONN RECUBRIMIENTO TIALN"
CORTS304,"CORTADOR VERTICAL DOBLE FILO DE CARBURO DE 1/2, 5 FILOS PLANO"
CORTS305,"CORTADOR VERTICAL DE CARBURO DOBLE FILO DE 1/8 PLANO, CON RECUBRIMIENTO TIALN"
CORTS306,CORTADOR VERTICAL DOBLE FILO DE 1/8 PARA ACERO INOXIDABLE
CORTS307,CORTADOR VERTICAL DOBLE FILO DE 1/8 PLANO PARA ACERO INOXIDABLE
CORTS308,CORTADOR VERTICAL DE CARBURO DE 1/8 4 FILOS PLANO CON RECUBRIMIENTO TIALN
CORTS309,CORTADOR VERTICAL DE CARBURO DE 1/8 R0.15 4 FILOS PLANO CON RECUBRIMIENTO DE TIALN
CORTS310,CORTADOR VERTICAL DOBLE FILO 3/16 PLANO PARA ACERO INOXIDABLE
CORTS311,CORTADOR VERTICAL 3/16 4 FILOS PLANO PARA ACERO INOXIDABLE
CORTS312,CORTADOR VERTICAL DE CARBURO 3/16 R0.015 4 FILOS PLANO CON RECUBRIMIENTO TIALN
CORTS313,CORTADOR VERTICAL DOBLE FILO 7/32 PLANO PARA ACERO INOXIDABLE
CORTS314,CORTADOR VERTICAL DE CARBURO 3/16 4 FILOS PLANO CON RECUBRIMIENTO TIALN
CORTS315,CORTADOR DE CARBURO 3/8 4 FILOS PLANO CON RECUBRIMIENTO TIALN
CORTS316,CORTADOR DE CARBURO 1/2 4 FILOS PLANO CON RECUBRIMIENTO DE TIAL
CORTS317,CORTADOR VERTICAL DE CARBURO 3/16 2 FILOS ESFERICO CON RECUBRIMIENTO DE TIALN
CORTS318,CORTADOR VERTICAL DE CARBURO DE 1/8 4 FILOS PLANO CON RECUBRIMIENTO TIALN
CORTS319,CORTADOR VERTICAL DE CARBURO DE 1/4 4 FILOS PLANO CON RECUBRIMIENTO TIALN
CORTS320,CORTADOR VERTICAL HSS 1/8 4 FILOS PLANO
CORTS401,"CORTADOR HSS WOODRUFF DE 1 1/2"" X 1/4"""
CRAY-001,CRAYON P/METAL TIPO GIS
CRIS-001,CRISTAL RECTANGULAR CLARO
CRIS-002,"CRISTAL RECTANGULAR OBSCURO 
SOMBRA 11"
CUBE-001,CUBETA DE PLASCTICO
CUBR-001,CUBREBOCAS 2 CAPS
CUBR-002,CUBREBOCAS DE TELA
CUCH-001,CUCHILLA E-100 HSS P/REBABIADO PP-001-106
DEDA-001,DEDAL DE HULE
DELT-001,DELTACOR 70 CU REFRIGERANTE SOLUBLE 017 (20 LT)
DESA-001,"DESARMADOR CAB. PLANA DE 1/4"" X 4"" MCA. URREA MOS. 9604"
DESA-002,"DESARMADOR CAB. DE CRUZ DE 2 1/4"" MCA. URREA MOD. 9684"
DESE-001,DESENGRAPADORA
DETE-001,DETERGENTE MULTIUSOS ARCOIRIS BOLSA 9 KG
DETE-002,DETERGENTE MULTIUSOS ROMA BOLSA 10 KG
DISC-001,"DISCO DE SIERRA 10"" P/CORTE DE ALUMINIO
DWA03210"
DISC-002,"DISCO LAMINADO 4 1/2"" C-2718"
DISC-003,"DISCO LAMINADO 7"" C-2732"
DISC-004,"DISCO P/CORTE DE METAL 14"" C-700"
DISC-005,"DISCO P/CORTE DE METAL 4 1/2"" C-778"
DISC-006,"DISCO P/CORTE DE METAL 7"" C-2008"
DISC-007,"DISCO P/CORTE DE METAL 9"" C-876"
DISC-009,"DISCO P/DESBASTE DE METAL 4 1/2"" C-2004"
DISC-010,"DISCO P/DESBASTE DE METAL 7"" C-2007"
DISC-013,"DISCO CORTE LOSETA 10"" LISO BLANCO BARRENO 15.9"
ELEC-001,ELECTRODO 45 AMP #220669
ELEC-002,ELECTRODO 6013 1/8
ELEC-003,ELECTRODO 7018 1/8
ELEC-004,ELECTRODO 7018 5/32
ELEC-005,ELECTRODO PARA ALUMINIO 4043 1/8 CLAVE SKU-12
ELEC-006,ELECTRODO APORTE BRONCE C/FUNDENTE 1/8 C
ELEC-007,ELECTRODO APORTE BRONCE DESNUDO 1/8 CLAV
ELEC-008,ELECTRODO APORTE INOX. 316L EN 1/16 PROW
ELEC-009,"ELECTRODO TUNGSTENO 2% THORIO EN 3/32 WELD500
SKU-927"
ELEC-010,ELECTRODO DE CARBON COBRIZADO P/CORTE 1/
ELEC-011,ELECTRODO PARA INOX. UTP 65 1/8
ELEC-012,ELECTRODO PARA INOX. XUPER 680 CGS CA CD 1/8
ELEC-013,"ELECTRODO PARA FIERRO COLADO 40 CA CD 5/32"""
ELEC-014,ELECTRODO 9018 1/8
ELEC-015,ELECTRODO 6010 1/8 SKU: 662
ELEC-016,"ELECTRODO PARA FIERRO COLADO UTP 807 1/8"""
ELEC-017,ELECTRODO APORTE INOX. 308L EN 1/8 DELTA
ELEC-018,ELECTRODO 6010 3/32
ELEC-019,"ELECTRODO TUNGSTENO TIG 3 TIERRAS 3/32 WELD500
SKU:743"
ELEC-020,ELECTRODO FOSCO STAY-SILV EN 1/8 HARRIS (SKU-632)
ELEC-021,"NANO ALLOY 6395N XHD 4.0 mm
6395NXHD-40-5K"
ELEC-022,ELECTRODO APORTE INOX. 308L EN 3/32
ELEC-023,ELECTRODO APORTE A/CARBON 705-6 EN 1/16
ELEC-024,ELECTRODO APORTE A/CARBON 705-6 EN 3/32
ELEC-025,"ELECTRODO
  TUNGSTENO TIG 3 TIERRAS EN 1/16 
    WELD500 
    
    SKU-1497"
ELEC-026,"ELECTRODO
  6013 3/32"
EMPA-001,"EMPAQUES K-1008-SMT (FIBRA RIJA) #4513 INF 
SKU:3019"
ENGR-001,ENGRAPADORA GRAPA 26X6
ESCO-001,ESCOBA TIPO CEPILLO CON BASTON DE MADERA DE 1.20 CM
ESCO-002,ESCOBILLON PARA WC CON TAZON DE PLASTICO
ESCU-001,ESCUDO FRONTAL 30 AMP- PMX 30XP #420116
ESCU-002,ESCUDO 45 AMP. PMX 45 #220674
ESCU-003,"ESCUADRA DE COMBINACION SURTEK MOD. 122254 (12"")"
ESCU-004,"ESCUADRA DE CANTERO SURTEK MOD. 122281 (24"")"
ESMA-001,ESMALTE SECADO RAPIDO AMARILLO CROMO
ESMA-002,ESMALTE SECADO RAPIDO AZUL PRUSIA
ESMA-003,ESMALTE SECADO RAPIDO AZUL SEGÚN MUESTRA
ESMA-004,ESMALTE SECADO RAPIDO BLANCO
ESMA-005,ESMALTE SECADO RAPIDO CAFÉ
ESMA-006,ESMALTE SECADO RAPIDO CREMA
ESMA-007,ESMALTE SECADO RAPIDO GRIS CLARO
ESMA-008,ESMALTE SECADO RAPIDO GRIS OBSCURO
ESMA-009,ESMALTE SECADO RAPIDO NARANJA
ESMA-010,ESMALTE SECADO RAPIDO NEGRO
ESMA-011,ESMALTE SECADO RAPIDO PLATA
ESMA-012,ESMALTE SECADO RAPIDO ROJO BERMELLON
ESMA-013,ESMALTE SECADO RAPIDO ROSA
ESMA-014,ESMALTE SECADO RAPIDO VERDE MILITAR
ESMA-015,ESMALTE SECADO RAPIDO ALUMINIO PARA ALTA TEMPERATURA
ESPAM001,ESPARRAGO ROSC. 8mm.
ESPAM002,ESPARRAGO ROSC. 10mm.
ESPAM003,ESPARRAGO ROSC. 16mm
ESPAM004,ESPARRAGO ROSC. ACME M24 PASO 3
ESPAM005,ESPARRAGO ROSC. INOX. 10mm.
ESPAM006,ESPARRAGO ROSC. 18mm
ESPAS001,"ESPARRAGO ROSC. 1/2"""
ESPAS002,"ESPARRAGO ROSC. 5/8"""
ESPAS003,"ESPARRAGO ROSC. GALV. 3/4"""
ESPAS004,"ESPARRAGO ROSC. INOX. 1/4"""
ESPAS005,"ESPARRAGO ROSC. INOX. 1/2"""
ESPAS006,"ESPARRAGO CUERDA ACME 1/2"""
ESPAS007,"ESPARRAGO ROSC. INOX. 3/8"""
ESPAS008,"ESPARRAGO ROSC. 3/4"""
ESPAS009,ESPARRAGO ACME 7/8
ESPAS010,ESPARRAGO ACME 7/8
ESPI-002,ESPIGA DE 3/4 CON ROSCA MACHO
ESTE-001,ESTERAS P6.3572.0
ETIQ-001,ETIQUETA ADHERIBLES TAMAÑO CARTA
ETIQ-002,ETIQUETAS PARA LASER T/CARTA
EXTR-001,EXTRACTOR
F,SILICON PERTAMEX TRANSPARENTE DE 80ML
FAJA-001,FAJA ELASTICA JYR 825 T/CHICA
FAJA-002,FAJA ELASTICA JYR 825 T/MEDIANA
FAJA-003,FAJA ELASTICA JYR 825 T/GRANDE
FAJA-004,FAJA ELASTICA JYR 825 T/ EXTRA GRANDE
FAJA-005,FAJA DE CUERO MBA TIPO PESISTA T36 )-
FAJA-006,FAJA DE CUERO MBA TIPO PESISTA T40 )
FAJA-007,FAJA ELAS. JYR 825 C/3ER CINT.TXXL )//
FILT-001,FILTRO AD320 H341158/20
FILT-002,FILTRO DE AIRE P6-4212.0
FILT-003,FILTRO DE ACEITE P6-3461.1
FILT-004,FILTRO 45V26 GAS LENS EN 3/32 OB SKU: 737
FILT-005,FILTRO SMC AMG - EL150
FILT-006,FILTRO SEPARADOR DE ACEITE P6.3795.1
FILT-007,FILTRO CH56P
FILT-008,"ROLLO DE PAPEL FILTRANTE CDF*150/50/50
NO. DE PARTE: 2798885"
FILT-009,FILTRO DE AIRE P6.4432.0
FILT-010,
FILT-011,FILTRO 3M 2097 VAPORES ORGANICOS D-
FILT-014,FILTRO SEPARADOR DE ACEITE P6.3792.2
FILT-016,FILTRO DE ACEITE P6.3462.1
FIRB-001,FIBRA 225 X 150mm. MARRON GRANO MEDIO
FLEX-001,FLEXOMETRO ANTI-IMPACTO 5 MT. MCA. SURTEK MOD. B122081
FLEX-002,FLEXOMETRO ANTI-IMPACTO 8 MT. MCA. SURTEK MOD. B122082
FLUI-001,"FLUIDO TAMPIC # 1 GOLD
NO. DE PARTE: 81-007-050"
FOLD-001,FOLDER CON COSTILLA TAMAÑO CARTA
FOLD-002,FOLDER DE CARTULINA CREMA T/CARTA
FOLD-003,FOLDER COLGANTE T/CARTA
FUSI-001,FUSIBLE FNQ 20A/500
FUSI-002,FUSIBLE FNQ 30A/500
FUSI-003,FUSE[P450H] CLAVE: 2580156
GAGE-001,GAGES PARA CUERDA DE 60° MARCA MITUTOYO MOD. 950-201
GOMA-001,GOMA PARA BORRAR
GRAP-001,GRAPAS ESTANDAR No.400 PATA 6.35mm 100 PZS
GRAS-001,GRASA SINTETICA MOBILITH SHC 007
GRAS-002,GRASA MOBILUX EP1
GRAS-003,GRASERA RECTA 1/4
GRAS-004,GRASERA RECTA 1/8 NPT
GRAS-005,GRASERA RECTA 6mm
GRAS-006,GRASA PARA CHUCK HIDRAHULICO MARCA KITAGAWA 14 OZ
GRAS-008,GRASERA A 45° M6
GRAS-009,"GRASERA
  RECTA 8mm"
GRAS-010,"GRASERA
  A 90° 6mm"
GUAN-001,GUANTE AZUL INFRA CODIGO MIG 5273
GUAN-002,GUANTE DE USCARIA SUAVE
GUAN-003,GUANTE DERMA-GRIP FLEX NYL 51975 T9
GUAN-004,GUANTE DERMA-GRIP FLEX NYL TIPO JAPONES 16975 T9)//
GUAN-005,GUANTE KING-COBRA P/SOLDADOR 99-814
GUAN-006,GUANTE RGF CARNAZA CORTOS
GUAN-007,GUANTE SF T601 ALTA TEMPERATURA PALM CAR
GUAN-008,GUANTE ANSELL SOLVEX NITRILO 37175 T9
GUAN-009,GUANTE ANSELL SOLVEX NITRILO 37175 T10
GUAN-010,GUANTE AMBIDERM LATEX MED. BLANCO
GUAN-011,GUANTE DERMACRON NITR P/CALC 67602 T9)//
GUAN-012,GUANTE IMT OSCARIA ARGONERO #11 C/CAMP
HOJA-001,HOJA DE LIJA J-86 GRADO 80
HOJA-002,HOJA DE PAPEL DE COLORES T/CARTA
HOJA-003,HOJA OPALINA T/CARTA
HULE-001,HULE NEOPRENO 1/4
INSE-001,INSERTO 266RG-16VM01A002M 1125
INSE-002,INSERTO 415N-05 02 06M-M30 1010
INSE-003,INSERTO 419R-1405M-PM 1130
INSE-004,INSERTO 490R-08T308M-PM 4240
INSE-005,INSERTO 880-05 03 05H-C-LM 1144
INSE-006,INSERTO 880-05 03 W08H P-LM 4324
INSE-007,INSERTO AOMT070208PDPR-MJ AH725 (6861274)
INSE-008,INSERTO ASMT11T308PDPR-MJ AH120 (6822078)
INSE-010,INSERTO CCMT060208-PS AH725 (6856762)
INSE-012,INSERTO CCMT09T304-PS T9115
INSE-013,INSERTO CCMT09T308-PS AH725 (6856765)
INSE-015,INSERTO CNMG090408E-TSF T9115
INSE-018,INSERTO 345R-1305M-PM 1130
INSE-019,INSERTO DCGW11T30450130F 7015
INSE-021,INSERTO DCMT070208-MM 125
INSE-022,INSERTO DCMT11T304-PS AH905 (6879337)
INSE-023,INSERTO ALTO AVANCE XDLW090408SR-D X400 (5652239)
INSE-024,"INSERTO DE ALTO AVANCE XDPT090408ERD41 SC6525 
MM 6010771"
INSE-025,"INSERTO DE CARBURO TRIANGULAR 1/2, RADIO 0.8mm
TPUN220408 KCK15B"
INSE-026,"INSERTO CNMG432A-1B SPO819 
MM 5653066"
INSE-027,"INSERTO NT2LK KC730 
MM 1112913"
INSE-028,"INSERTO DE CERAMICA TRIANGULAR 1/2, RADIO0.4mm
TPGN220404T01025 HC2"
INSE-029,INSERTO DE CERAMICA TRIANGULAR 1/2 TPGN220408T02020
INSE-030,INSERTO DGM2-020 AH725 (6860478)
INSE-031,INSERTO DGM4-030 AH725 (6860438)
INSE-032,INSERTO FRESADO 390R-070208M-PM 1130
INSE-033,INSERTO LMMU110708PNER-MJ AH725 (6860045)
INSE-034,INSERTO LNMU0303ZER-MJ AH725 (6864162)
INSE-035,INSERTO N123E2-0200-0002-CM 4325
INSE-036,INSERTO N123H2-0400-0004-TF 1125
INSE-037,"INSERTO NTK2L KC730
MM 1114258"
INSE-038,"INSERTO POSITIVO WNMG060408MP KCM25B
MM 5591912"
INSE-039,INSERTO R245-12 T3M PM 1130
INSE-040,INSERTO R300-0720E-PM 1130
INSE-041,INSERTO R300-1240M-PH 1010
INSE-042,INSERTO R300-1240M-PM 1130
INSE-043,INSERTO R390 -11 T3 08M-PM 1130
INSE-044,INSERTO RDHX 0501M0SN CTPP235
INSE-046,INSERTO RPHX 10T3MOSN-CTPP235
INSE-047,INSERTO RPNX 10T3MOSN-F50 CTPP235
INSE-048,"INSERTO SDEB080208 KC0725M
MM 1157497"
INSE-050,INSERTO TNMG220408-TM T9215 (6772332)
INSE-051,INSERTO TR-DC130 4F 1115
INSE-052,INSERTO TR-DC1304-F 4315
INSE-053,INSERTO VNMG160404-TM AH120 (6812134)
INSE-054,INSERTO VNMG160408-TM T9115 (6862455)
INSE-055,INSERTO XPMT08T308R-DJ AH725
INSE-056,INSERTO TCEX 050101L F 1125
INSE-058,INSERTO 490R-08T308M-PM 1130
INSE-059,INSERTO FRESADO R300-1240E-PM 1130
INSE-060,INSERTO DNMG150604-T-SF T915
INSE-061,INSERTO DNMG150604-SF AH6225 (6825248)
INSE-062,"INSERTO CNMG120408MS KCU25
MM 4050454"
INSE-064,INSERTO 4QP-CNMA 432-W BXC50 (6822272)
INSE-065,"INSERTO CNMG120408E4E SP0819 
MM 5652137"
INSE-066,INSERTO 345R-1305M-PM 1010
INSE-067,INSERTO CCMT060204-PS AH725 (6856761)
INSE-070,INSERTO 880 0403W07H PGT4334
INSE-071,INSERTO 880 040305H C LM 1144
INSE-072,INSERTO DNMG110404E-SM T6120
INSE-073,INSERTO R300-1240E-PM 1010
INSE-074,INSERTO PNCU0905GNER-MJ AH725 (6860126)
INSE-075,INSERTO DNGA110408S01525H 7115 (CBN)
INSE-076,INSERTO VNMG160412-TM T9135
INSE-077,INSERTO 266RG 16VM01A001M 1125 (R1-2)
INSE-078,INSERTO 2NUCNGA 120408 BN350
INSE-079,INSERTO CNMG 432-TF IC807 (5507750) TIMS
INSE-080,INSERTO TAG N3C IC808 (6003577)
INSE-081,INSERTO AVGT060308PBER-MJ AH3135 (6733156)
INSE-082,INSERTO 327R06-12250VM-TH 1025
INSE-083,INSERTO R216-1608 M-M 4240
INSE-084,INSERTO CNMG120408N-MU AC8025P
INSE-085,"INSERTO CNMG120412-TSF T9215
(6772152)"
INSE-086,INSERTO R216-1603 E-M 1130
INSE-087,INSERTO NG2M200LK KCP25B (5968011)
INSE-088,INSERTO N123E2-0200-RO 1125
INSE-089,INSERTO N1512-250-5E 1125
INSE-090,INSERTO DNMG110404E-TM T9125 (6708400)
INSE-091,INSERTO TOMT100408PDER-MJ AH3135 (6999178)
INSE-092,INSERTO 490R-08T308M-PM 4340
INSE-093,INSERTO TRVB1302F 1125
INSE-094,INSERTO TCMT 090202 PF 4325
INSE-095,INSERTO NG2M100RK KCU25 4109689
INSE-096,INSERTO TR-VB1304F 4315
INSE-097,INSERTO 4QP-VNGA 331 S9051
INSE-098,"INSERTO NG2M050LK KC5010
MM3397369"
INSE-099,INSERTO 490R-08T308M-PM 1010
INSE-100,INSERTO PNCU0905GNFR-AJ TH10 (6860117)
INSE-101,"INSERTO 70 357 318 TC16-1E1,5 ISO CWN240 (2282392)"
INSE-102,"INSERTO 70 357 314 TC16-1E1,0 ISO CWN240 (2248423)"
INSE-103,"INSERTO 70 357 332 TC16-2E2,0 ISO CWN240 (2242330)"
INSE-104,INSERTO DNMG150608-PF 4315
INSE-105,"INSERTO VNMG160412-MP MC6025
VNMG333MP"
INSE-106,"INSERTO DNMG150616MP MC6025
DNMG444MP"
INSE-107,INSERTO XPMT06X308R-DJ AH725 (6861361)
INSE-108,INSERTO WXGU040308R-TS AH725 (6989927)
INSE-109,INSERTO WWMU060306R-DJ AH3135 (6767667)
INSE-110,"INSERTO DCMT070208FP KCP25B
MM 5537437"
INSE-111,INSERTO DE CARBURO R790 160405PH NL H13A
INSE-112,"INSERTO NG2031LK KC5010
MM 1817713"
INSE-113,INSERTO 2QP-DCGW11T304-LT (6792414)
INSE-114,INSERTO NTK2L KCU25 MM 4109958
INSE-115,INSERTO LNPU15T608SRGER KCK15 MM6830679
INSE-116,INSERTO RDPX12T3M0SHN KC510M MM1895255
INSE-117,INSERTO LNPU432SRG KC522M MM 6131502
INSE-118,INSERTO LNPU15T608SRGE KCPM40 (5684657)
INSE-119,INSERTO 2QP-DCGW32.51-LT
INSE-120,INSERTO 345N-1305E-PW8 1130
INSE-122,"INSERTO DE FRESADO XDLW070308TN, HB7705 212930"
INSE-123,"INSERTO LNPU110408SRGE
  KC522M"
INSE-126,PLAQUITA REV. RDMW 12T3 MOTN HB7505
INSE-127,INSERTO TNMU070308PER-MJ AH3135 (6774144)
INSE-130,INSERTO CCMT09T304-PS T9215 (6772427)
INSE-131,INSERTO APKT11/APMT11
INSE-132,INSERTO PCD CGW09T304-DIA-DX160 (6801366)
INSE-133,INSERTO DE CERMEC CCMT09T304-24 NS9530
INSE-134,"INSERTO
  345R 1305M PH 4340"
INSE-136,INSERTO DCMT070208FP KCM25B (5591127)
INSE-137,INSERTO RANURADO 2.5mm GX16-1E250N02-UF4 WSM33S 6152258
INSE-138,INSERTO LNMX0405R6-MJ AH3135
INSE-139,INSERTO ZFBM080R00-MJ AH725 (6725821)
INSE-140,"INSERTO CNMG432UR WP35CT WDA 
(4169960)"
INSE-141,"INSERTO CCMT3252MU WP35CT WDA
5623439"
INSE-142,"INSERTO WNMG080408E-4E SP0819
MM 5653039"
INSE-143,"INSERTO DNMG150408E-1B SP0819 
MM 5653067"
INSE-144,INSERTO NT4RK KCU25 MM4109953
INSE-145,INSERTO VGD4.00-040-GM VPG MM 127-00020
INSE-146,INSERTO VGD5.00-040-GT VPG MM084-00010
INSE-147,INSERTO VGD5.00-250-GR VPG MM 084-00025
INSE-148,"INSERTO
  WNMG080408-VM HB7130-2 252070"
INSE-149,INSERTO KDMB16M0ERLD
INSE-150,INSERTO VCGX220508-FR HU7810 211856 ALU
INSE-151,INSERTO 490R 08T308E MLH13A
INSE-152,INSERTO ZDET16M525FR721 GH1 MM5667922
INSE-153,INSERTO KDMB16M0ERLD MM3964240
INSE-154,INSERTO NTK2R KCU25
INSE-155,INSERTO NT2RK KCU25
INSE-156,INSERTO DXGU070308L-TSAH725 (6888912)
INSE-157,INSERTO SNMG090308-TMT9225 (6780872)
INSE-158,INSERTO WWMU08X408R-DJ AH9030
INSE-159,INSERTO XDLW070308TNHB7720 (212925)
INSE-160,INSERTO RDX0501M0 - HB7520  (212195)
INSE-161,INSERTO TCMT110204 - HBT725 (260982)
INSE-162,INSERTO XDLW070308TN - HB7720 (212925)
INSE-163,INSERTO XDUN070308TN - HB7705 (212930)
INSE-164,INSERTO LNGU4325RGE - KC522M G132022
INSE-165,INSERTO APMT1135PDER-M2 VP15TF
INSE-166,INSERTO 4QP-VNGA160404 BXC50 (6818120)
INSE-167,INSERTO 4QP-VNGA160408 BXC50 (6818121)
INSE-168,INSERTO 2QP-CCGT09T308-HP BR35F (6929245)
INSE-169,INSERTO NG2M100LK KC730 1114293
INSE-170,INSERTO ENMU0603ER-C JP4120 62063517
INSE-171,INSERTO DE CERAMICA WNGA080412502025 KYHK15B 6770710
INSE-172,INSERTO DE CERAMICA WNGA080408T02020 KY3500 1181986
INSE-173,INSERTO DE CBN WNGA080404501015MT KBH20 532983
INSE-174,INSERTO DE CBN 080408501225MTWNGA KBH20 5329838
INSE-175,INSERTO 2QP-DCGW11T302-L BXA20 (6791088)
INSE-176,INSERTO 2QP-VCGW160408-H BXA20 (6791024)
INSE-177,INSERTO DNGA 150604S01225DMT KBH10B
INSE-178,INSERTO ZCFG080SG-R2.0 TH308 (6102612)
INSE-179,INSERTO DNGA150608T01020 KYHK15B
INSE-180,INSERTO NG2M200LK KC 730 (1114298)
INSE-181,INSERTO CNGA120408T01020 KYHK15B
INSE-182,INSERTO 327R06-10 10000-GM 1025
INSE-183,INSERTO RANU 2.0 MM 327R06-1020002-GM 1025
INSE-184,INSERTO VBMT160408LF KCP10B
INSE-185,INSERTO VNMG160408E4E SP0819 (5655001)
INSE-186,INSERTO ENGU0603ER-C JP4105 (22830340)
INSE-187,INSERTO SDMT120520TR JP4120
INSE-188,INSERTO EPHW0402TN-2 JP4105 EDP6203151
INSE-189,INSERTO SDNW120520TR JP4105
INSE-190,INSERTO CCMT060204FW KC5010
INSE-191,INSERTO CCMT060208FP KCP25
INSE-192,INSERTO TPMMT110204LF KT315 1620373
INSE-193,INSERTO TPMT110202LF KCU10B 7093207
INSE-194,INSERTO NTK2LK KCU25
INSE-195,INSERTO TPGR220404K KCP25C
INSE-196,INSERTO A4C0205N00CF02 KCU25B
INSE-197,INSERTO DCGW11T304801015MT KBH10
INSE-198,INSERTO C21-H2N-0400-0004-TF1225
INSE-199,INSERTO VNMG160404FP KCS10B
INSE-200,INSERTO EPHW0402TN-2 JP4115 EDP
INSE-202,INSERTO HNUX160625 2072359
INSE-203,INSERTO CNMX120716 T02020 SL406
INSE-204,INSERTO RDHX 0501MO HB 7505
INSE-205,INSERTO WNGX040308PNSR-MM PC5300     MM 1-02-065529
INTE-001,INTERRUPTOR TERMOMAGNETICO 1 POLO 10 A. ENCHUFABLE
INTE-002,INTERRUPTOR TERMOMAGNETICO 3 POLO 150 A. 18KA HDA36150 S.Q.D
IPSM-001,IPS TAPA PARA ITEM 40 X 110
IPSM-002,IPS TAPA PARA ITEM 40 X 40
IPSM-003,IPS TAPA PARA ITEM 40 X 40
IPSM-004,IPS TAPA PARA ITEM 80 X 40
IPSM-005,IPS TAPA PARA ITEM 40 X 55
IPSM-006,IPS TAPON MEDIANO
IPSM-007,IPS TAPON CHICO
IPSM-008,IPS TAPON GRANDE
IPSM-009,IPSM MANIJA PESADA PA28 23-033
IPSM-010,IPSM JALADERA U
JABO-001,JABON PARA MANOS
JALA-001,JALADOR PARA PISO
JUEG-001,JUEGO DE EXTRACTOR DE TORNILLOS
KITD-001,KIT DE PINTURA POLIURETANO 11000 GRIS CO
KITD-002,KIT DE PINTURA POLIURETANO AZUL CON CATALIZADOR (BOTE 15L Y 2BOTES 1)
KITD-003,KIT DE REPARACION 1/4 C DIXRK092
KITD-005,KIT DE BROCAS MILIMETRICAS DE 1 A 13 mm
KITD-006,"KIT DE BROCAS ESTANDAR DE 1/16 A 1/2"""
KITD-007,KIT DE LLAVES ALLEN DE 1.5 - 10 MM
KITD-008,"KIT DE LLAVES ALLEN DE 0.050 - 3/8"" STD"
KITD-010,KIT DE REPARACION VALVULA TE HRES MIN. P402141.0
KITD-011,KIT DE REPARACION VALVULA DE ADMISION P200751.0
KITD-013,KIT DE REPARACION VALVULA P400707
KOLA-001,KOLA LOCA GOTERITO
LAIN-001,"LAINA ACERO 0.05MM ROLLO 150MM X 2.5MTS. 
MOD. MMS05 NO. DE PARTE: 71-202-500"
LAIN-002,"LAINA ACERO 0.10MM ROLLO 150MM X 2.5MTS. 
MOD. MMS10 NO. DE PARTE: 71-202-505"
LAIN-003,"LAINA ACERO 0.15MM ROLLO 150MM X 2.5MTS. 
MOD. MMS15 NO. DE PARTE: 71-202-510"
LAIN-004,"LAINA ACERO 0.20MM ROLLO 150MM X 2.5MTS. 
MOD. MMS20 NO. DE PARTE: 71-202-515"
LAMP-001,LAMP LED A19 14W100-240V6500KE271500LM
LAPI-001,LAPIZ HEXAGONAL #2
LAPI-002,LAPIZ ADHESIVO
LENT-001,GOGGLE CREWS 2310AF STRYKER CL )-D
LENT-002,LENTE DE SEGURIDAD CLARO DERMA STEEL AL0
LENT-006,LENTE DE SEGURIDAD OBSCURO DERMA STEEL A
LENT-007,LENTE DERMA VISITANTE AL048 CL
LIBR-001,LIBRETA PROFESIONAL C 7mm 100 HOJAS
LIJA-002,LIJA DE AGUA T417 GRADO P220
LIJA-004,LIJA DE ESMERIL J-73 GRADO 120
LIJA-006,LIJA DE ESMERIL J-86 GRADO 60
LIMA-007,LIMA DE JOYERO
LIMA-009,"LIMA PLANA MUSA 6"" MCA.SURTEK MOD.120341"
LIMA-010,"LIMA TRIANGULAR 6"""
LIMA-012,"LIMA REDONDA 8"""
LIMA-013,LIMA ROTATIVA DE CARBURO SM-5
LIQU-001,LIQUIDO ENFRIADOR ABRALUB KSV CLAVE:690
LLAV-001,"LLAVE ESPAÑOLA PULIDO ESPEJO 3/4"" X 7/8"" MCA URREA MOD. 3039"
LLAV-002,LLAVE STILLSON HERRERO MALEA 14 MARCA URREA MODL 814UR
LUBR-001,LUBRICANTE AFLOJATODO WD40 8oz
LUBR-002,LUBRICANTE OSOCO HUSILLOS-10
LUMI-001,LUMINARIA STANKA WATERPROOF C/TUBO LED T8 2X17W FRIO
MACHM001,MACHUELO HSS M3 X 0.5
MACHM002,MACHUELO HSS M4 X 0.7
MACHM003,MACHUELO HSS M5 X 0.8
MACHM004,MACHUELO HSS M6 X 1.0
MACHM005,MACHUELO HSS M8 X 1.25
MACHM006,MACHUELO HSS M10 X 1.5
MACHM007,MACHUELO HSS M12 X 1.75
MACHM008,MACHUELO HSS M2 X 0.4
MACHM009,"MACHUELO HSS M5 X 0.80 BARREO CIEGO T830M050X080RGH-D1 
MM5417287"
MACHM010,"MACHUELO HSS M6 X 1.0 BARREO CIEGO T830M060X100RGH-D1 KSP32
MM5417290"
MACHM011,"MACHUELO HSS M8 X 1.25 BARREO CIEGO T830M080X125RGH-D1 
MM5417294"
MACHM012,MACHUELO HSS M20 X 2.5
MACHM013,MACHUELO HSS M2.5 X 0.45
MACHM014,MACHUELOS ISO2 HSSG M3
MACHM015,MACHUELOS ISO2 HSSG M4
MACHM016,MACHUELOS ISO2 HSSG M5
MACHM017,MACHUELOS ISO2 HSSG M6
MACHM018,MACHUELOS ISO2 HSSG M8
MACHM019,MACHUELOS ISO2 HSSG M10
MACHM020,MACHUELOS ISO2 HSSG M12
MACHM021,MACHUELO HSS M16 X 2.0
MACHM022,MACHUELO HSS M14 X 1.25
MACHM023,MACHUELO HSS M18 X 2.5
MACHM024,MACHUELO HSS M18 X 2.5 C/RECUBRIMIENTO DE CARBURO
MACHM025,MACHUELO HSS M30 X 2.0 UNF
MACHM026,MACHUELO HSS M24 X 1.5 UNF
MACHM027,MACHUELO HSS M24 X 2.0 UNF
MACHM028,MACHUELO HSS M24 X 3.0 UNC
MACHM029,MACHUELO HSS M20 X 1.5 UNF
MACHM030,MACHUELO M24 X 1 SKD-11
MACHM031,"MACHUELO HSS 5/16-18 BARRENO CIEGO 
T838NC03125-18RH3-A KSP32
MM 6140683"
MACHM032,"MACHUELO HSS 1/4-20 BARRENO CIEGO
T838NC02500-20RH3-A KSP32
MM 6140637"
MACHM033,MACHUELO HSS M12 X 1.5
MACHM034,MACHUELO HSS # 8 - 32 NC SEMICONICO
MACHM035,MACHUELO HSS M30 X 1.5
MACHM036,"MACHUELO HSS M10 X 1.50 BARREO CIEGO T820M100X150RGH-D1
MM5417245"
MACHM041,MACHUELO HSS M10 X 1.0
MACHS101,MACHUELO HSS 3/16-24 NC
MACHS102,MACHUELO HSS 1/4-20 NC
MACHS103,MACHUELO HSS 5/16-18 NC
MACHS104,MACHUELO HSS 3/8-16 NC
MACHS105,MACHUELO HSS 1/8-27 NPT
MACHS106,MACHUELO HSS 1/2-13 NC
MACHS107,MACHUELO HSS 3/4-10 UNC
MACHS108,MACHUELO HSS 1-8 UNC
MACHS109,MACHUELO HSS 1-12 UNF
MACHS110,MACHUELO HSS 1/4-18 NPT
MACHS111,MACHUELO HSS 1/4-19 BSP
MACHS112,MACHUELO HSS 1/4-28 UNF
MACHS113,MACHUELO HSS 7/16-14 UNC
MACHS114,MACHUELO HSS 3/8-24 UNF
MACHS115,MACHUELO HSS 3/8-24 UNF DERECHO
MACHS116,MACHUELO HSS 5/8-11 UNC
MACHS117,MACHUELO HSS 1/4-19 BSP ROSCA PARALELA P/TUBO
MACHS118,MACHUELO HSS 3/4-14 NPT
MACHS119,MACHUELO HSS 1 - 8 NC
MACHS301,"MACHUELO DE CARBURO 5/16 - 18 , PARA INTERPOLAR"
MAND-001,MANDIL TNM DE CARNAZA ECON
MANE-001,MANERAL P/MACHUELO 1/8-1/2
MANE-002,MANERAL EN T P/MACHUELO 1/16-1/4
MANE-003,MANERAL CON TARRAJA HSS M4 X 0.7
MANE-004,"MANERAL PARA TARRAJA DIAM. 1 1/2"""
MANE-005,"MANERAL PARA TARRAJA DIAM. 1 1/4"""
MANE-006,"MANERAL PARA TARRAJA DIAM. 1"""
MANE-007,MANERAL EN T SURTEK 123904
MANE-301,MANERAL PARA TARRAJA DE 38MM (1 1/2)
MANE-302,"MANERAL PARA TARRAJA DE 50MM (2"")"
MANG-001,MANGA TNM DE CARNAZA P/SOLDADOR ECON
MANG-002,MANGUERA PARA REFRIGERANTE DE 1/4 (084400)
MANG-003,MANGUERA RETRACTIL AZUL
MARR-001,MARRO DE BRONCE 29oz MANGO MADERA MARCA URREA MOD. 1430
MART-001,MARTILLO DE BOLA 24oz URREA MOD. 1324PN
MAZO-001,MAZO CABEZA DE HULE NEGRO 16oz MARCA URREA MOD. 1367
MECH-001,MECHUDO DE PABILO DE 500 GR CON BASTON DE MADERA DE 1.20 CM
MICA-001,MICA BLANCA UNIVERSAL P/CARETA FACIAL
MICA-002,"MICA EXTERIOR PANORAMICA CLARA 4.5"" X 5.25"" 
POLICARBONATO W5 (SKU-1707)"
MICR-001,MICRO ALAMBRE SOLIDO 0.035 CLAVE SKU-880 (15 KG)
MICR-002,MICRO ALAMBRE SOLIDO 0.045 (15 KG)
MICR-003,MICRO ALAMBRE TUBULAR 1/16
MICR-004,"MICRO ALAMBRE SOLIDO 1/16"" GUIA ALAMBRE"
MICR-005,MICRO ALAMBRE SOLIDO 0.045
MOLE-001,MOLETEADOR GRANDE
MOLE-002,MOLETEADOR MEDIANO
MOLE-003,MOLETEADOR CHICO
MOLE-004,MOLETA RECTA DOBLE A TIPO TOSCO
MORD-001,MORDAZA 10N24 EN 3/32 OB SKU: 760
MOTO-301,MOTOTOOL CHICAGO PNEUMATIC CP872
MOUS-001,MOUSE LOGITECH M90 ALaMBRICO USB NEGRO
MULT-001,MULTICONTACTO TIRA DE 6 C/PROTECTOR
MUSC-001,MR. MUSCULO
NIPL-001,"NIPLE GALV C/C C-40 DE 1/2"" X 3"""
NIPL-002,"NIPLE GALV C/C C-40 DE 1/2"" X 1 1/2"""
NIVE-001,NIVEL DE GOTA DE ALUMINIO
OPREM001,OPRESOR M 3 X 8 (PRISIONERO)
OPREM002,OPRESOR M 4 X 16 (PRISIONERO)
OPREM003,OPRESOR M 5 X 6 (PRISIONERO)
OPREM004,OPRESOR M 5 X 8 (PRISIONERO)
OPREM005,OPRESOR M 5 X 12 (PRISIONERO)
OPREM006,OPRESOR M 5 X 16 (PRISIONERO)
OPREM007,OPRESOR M 5 X 35 (PRISIONERO)
OPREM008,OPRESOR M 6 X 8 (PRISIONERO)
OPREM009,OPRESOR M 6 X 10 (PRISIONERO)
OPREM010,OPRESOR M 6 X 12 (PRISIONERO)
OPREM011,OPRESOR M 8 X 12 (PRISIONERO)
OPREM012,OPRESOR M 8 X 45 (PRISIONERO)
OPREM013,OPRESOR M10 X 5 (PRISIONERO)
OPREM014,OPRESOR M10 X 10 (PRISIONERO)
OPREM015,OPRESOR M10 X 12 (PRISIONERO)
OPREM016,OPRESOR M10 X 20 (PRISIONERO)
OPREM017,OPRESOR M10 X 25 (PRISIONERO)
OPREM018,OPRESOR M12 X 35 (PRISIONERO)
OPREM019,OPRESOR M8 X 8 (PRISIONERO)
OPREM020,OPRESOR M8 X 35 (PRISIONERO)
OPREM021,OPRESOR M8 X 25 (PRISIONERO)
OPREM022,OPRESOR M 4 X 6 (PRISIONERO)
OPREM023,OPRESOR M 4 X 4 (PRISIONERO)
OPREM101,OPRESOR INOX. M 5 X 8 (PRISIONERO)
OPREM102,OPRESOR INOX. M 5 X 10 (PRISIONERO)
OPREM103,OPRESOR INOX. M 6 X 10 (PRISIONERO)
OPREM104,OPRESOR INOX. M 6 X 20 (PRISIONERO)
OPRES001,"OPRESOR 1/4 X 1/2"" (PRISIONERO)"
OPRES002,"OPRESOR 5/16 X 1/4"" (PRISIONERO)"
OPRES003,"OPRESOR 3/8 X 3/8"" (PRISIONERO)"
OPRES004,"OPRESOR 3/8 X 1/2"" (PRISIONERO)"
OPRES005,"OPRESOR 5/16 X 1"" (PRISIONERO)"
OPRES006,"OPRESOR 1/8"" NPT (PRISIONERO)"
OREJ-001,OREJERAS MONTABLES PARA CASCO
ORIN-001,ORING 3mm
ORIN-002,ORING 227
ORIN-003,ORING
ORIN-004,ORING EXT. 16.1 ESPESOR DE HILO 1.6
ORIN-005,O-RING DE BUNA 2-322
ORIN-006,O-RING DE VITON 2-322
ORIN-007,O-RING DE VITON 2-325
ORIN-008,O-RING DE VITON 2-323
ORIN-009,O-RING DE VITON 2-324
PALA-001,"PALANCA DE LEVA GN 310-8-63-A-ZB MCA. Elesa 
Ganter"
PALP-001,"PALPADOR 1mm NO. DE PARTE: 626113-0100-020
stylus with thread, M3 XXT, shouldered, tungsten carbide shaft, ruby 
sphere, DG5, DK1,0, L20, ML10,9, MLE5,1, DS1, DSE0,8, weight= 0,69g"
PANE-001,PANEL FILTRANTE P5.3353.0
PANT-001,PANTALON HIGHLINE T/30
PANT-002,PANTALON HIGHLINE T/32
PANT-003,PANTALON HIGHLINE T/34
PANT-004,PANTALON HIGHLINE T/36
PANT-005,PANTALON HIGHLINE T/38
PANT-006,PANTALON HIGHLINE T/30 PARA DAMA
PANT-007,PANTALON HIGHLINE T/32 PARA DAMA
PANT-008,PANTALON HIGHLINE T/29
PAPE-001,PAPEL BOND TAMAÑO CARTA 500 HOJAS
PAPE-002,PAPEL HIGIENICO
PAQU-001,TOALLA INTERDOBLADA GC PAPER CAJA CON 20 PAQ. DE 100 HOJAS
PAST-001,PASTILLA AZUL PARA TANQUE WIESE DE 2 PSTILLAS
PELI-001,PELICULA STRETCH CAL. 60 GRANDE
PELI-002,PELICULA STRETCH CAL. 60 MEDIANO C/MANGO
PERF-002,PERFORADORA DE DOBLE AGUJERO
PERF-003,PERFORADORA DE UN AGUJERO
PERNM001,PERNO ESPIROL RANURADO 5 X 20 (TACO)
PERNM002,PERNO MACIZO 3 X 10
PERNM003,PERNO MACIZO 3 X 20
PERNM004,PERNO MACIZO 3 X 24
PERNM005,PERNO MACIZO 4 X 12
PERNM006,PERNO MACIZO 4 X 16
PERNM007,PERNO MACIZO 4 X 24
PERNM008,PERNO MACIZO 4 X 25
PERNM009,PERNO MACIZO 6 X 20
PERNM010,PERNO MACIZO 6 X 24
PERNM011,PERNO MACIZO 6 X 28
PERNM012,PERNO MACIZO 8 X 20
PERNM013,PERNO MACIZO 8 X 24
PERNM014,PERNO MACIZO 8 X 28
PERNM015,PERNO MACIZO 8 X 40
PERNM016,PERNO MACIZO 10 X 40
PERNM017,PERNO MACIZO 10 X 50
PERNM018,PERNO MACIZO 12 X 40
PERNM019,PERNO DE EXTRACION 12 X 40 EXTRACTOR M8
PERNM020,PERNO MACIZO 12 X 32
PERNM021,PERNO MACIZO 5 X 12
PERNM022,PERNO DE EXTRACCIÓN DE 6 mm x 40 mm
PERNM023,PERNO DE EXTRACCIÓN de 6 mm x 32 mm
PERNM024,PERNO DE EXTRACCIÓN DE 6 mm x 36 mm
PERNM025,PERNO DE SEGURIDAD DIN 11023 M5 X 32 (CLAVE: 00472 5)
PERNM026,PERNO DE SEGURIDAD DIN 11023 M8 X 42 (CLAVE: 00472 8)
PERNM027,PERNO HUECO DE EXPANSIÓN 3 X 20
PERNM028,PERNO HUECO DE EXPANSIÓN 3 X 10
PERNM029,PERNO HUECO DE EXPANSIÓN 8 X 30
PERNM030,PERNO MACIZO 10 X 25
PERNM030,PERNO HUECO DE EXPANSIÓN 8 X 30
PERNM031,PERNO MACIZO 8 X 50
PERNM032,PERNO MACIZO 10 X 20
PERNM033,PERNO MACIZO 10 X 36
PERNM034,PERNO MACIZO 6 X 16
PERNM035,PERNO MACIZO 5 X 20
PERNM037,PERNO MACIZO 10 X 28
PERNM038,PERNO MACIZO 8 X 12
PERNM045,PERNO MACIZO 8 X 16
PERNM046,PERNO MACIZO 6 X 50
PERNM047,PERNO MACIZO 6 X 60
PERNM048,
PERNM049,
PERNS001,"PERNO ESPIROL 1/4 X 3/4"" (TACO)"
PERNS002,"PERNO MACIZO 1/4 X 1/2"""
PERNS003,"PERNO MACIZO 1/4 X 3/4"""
PERNS004,"PERNO MACIZO 1/4 X 1"""
PERNS005,"PERNO MACIZO 1/4 X 1 1/4"""
PERNS006,"PERNO MACIZO 1/4 X 1 1/2"""
PERNS007,"PERNO MACIZO 1/4 X 2"""
PERNS008,"PERNO MACIZO 5/16 X 1"""
PERNS009,"PERNO MACIZO 3/8 X 1/2"""
PERNS010,"PERNO MACIZO 3/8 X 3/4"""
PERNS011,"PERNO MACIZO 3/8 X 1"""
PERNS012,"PERNO MACIZO 3/8 X 1 1/4"""
PERNS013,"PERNO MACIZO 3/16 x 5/8"""
PERNS014,"PERNO MACIZO 3/16 X 1/2"""
PERNS015,"PERNO MACIZO 1/2 X 1 1/2"""
PIED-001,PIEDRA RUBI OXIDO ALUM 1 X 1 X 6 ROSA 29255
PIED-002,PIEDRA P/RECTIFCADO 18B151 SMS
PIED-003,PIEDRA /RECTIFICADO 20B151 SMS
PIED-004,PIEDRA /RECTIFICADO 8B151 SMS
PIED-005,PIEDRA /RECTIFICADO 12B151 SMS
PIED-006,PIEDRA /RECTIFICADO 14B151 SMS
PIED-007,PIEDRA /RECTIFICADO 8B1.1 SMS
PIED-008,PIEDRA /RECTIFICADO 5.0B151 SMS
PIED-009,PIEDRA /RECTIFICADO 132740 - 12B151 SMS
PIED-010,PIEDRA /RECTIFICADO 200412 6B151 SMS 10878
PIED-011,PIEDRA /RECTIFICADO 220184 8B151 SMS 10920
PIED-012,PIEDRA/ RECTIFICADO 4.0B151 SMS
PIED-013,PIEDRA/ RECTIFICADO 2B151 SMS
PIED-014,PIEDRA PARA ELIMINAR MARCA DE MAQUINADO #120 CODIGO: CWA1025-120
PIED-015,PIEDRA PARA ELIMINAR GRANO DE EROSION #180 CODIGO: S0613-180
PIED-016,PIEDRA PARA ELIMINAR GRANO DE EROSION #120 CODIGO: S0613-120
PIED-017,"PIEDRA DE DIAMANTE PARA DRILL DOC 750X 
NO. DE PARTE: 87-145-142"
PIED-018,"PIEDRA P/DESBASTE EN ACEROS ENDURECIDO #120
CODIGI: MR313-120"
PIED-021,"PIEDRA P/ELIMINAR MARCAS DE MAQUINADO #80, 6 ESPESOR X 13 ANCHO X 150mm LARGO
CODIGO: CWA613-80"
PIED-022,"PIEDRAS P/TRABAJOS DE ACERO ENDURECIDO #180, 6 ESPESOR X 6 ANCHO X 150mm LARGO 
CODIGO: DS66-180"
PIED-023,"PIEDRA P/DESBASTE #180, 5 ESPESOR X 13 ANCHO X 150 mm LARGO
CODIGO: GS513-180"
PIED-024,"PIEDRA P/DESBASTE #180, 3 ESPESOR X 13 ANCHO X 150mm largo
CODIGO: BS313-120"
PIED-025,"PIEDRA PARA ELIMINAR MARCA DE MAQUINADO #120, 6 DE ESPESOR X 13 DE ANCHO X 150 DE LARGO CWA613-120"
PIES-001,PIES ANGULARES 160 X 60
PIJAM001,"PIJA 8 X 3/4"""
PIJAM002,"PIJA 8 X 1"""
PIJAM003,"PIJA 8 X 1 1/4"""
PIJAM004,"PIJA 10 X 1"""
PIJAM005,"PIJA 10 X 2"""
PIJAM006,"PIJA K-LATH PUNTA DE BROCA 8 X 1/2"""
PIJAM007,"PIJA K-LATH PUNTA DE BROCA 8 X 1"""
PIJAM008,"PIJA # 12 x 2 "" FIJADORA COMB"
PIJAM009,"PIJA # 14 x 2 "" FIJADORA COMB"
PIJAS001,"PIJA HEX. P/LAMINA GALV. 3/16 X 1/2"""
PIJAS002,"PIJA HEX. P/LAMINA GALV. 7/32 X 3/4"""
PIJAS003,"PIJA HEX. P/LAMINA GALV. 1/4 X 1"""
PIJAS004,"PIJA CAB. PLANA DE 1/4 X 1 1/2"""
PIJAS012,"PIJA CAB. PLANA 1/4 X 1"""
PIJAS013,PIJA HEX. P/LAMINA GALV. 1/4 X 3/4
PILA-002,PILA CIRCULAR SONY A76 LR44 1.5V
PILA-003,PILA CIRCULR SONY CR 2031 3V
PILA-004,PILA LITHIUM 2CR5
PILA-006,PILA AA
PILA-007,PILA AAA
PINS-001,PINS PARA PIZARRON 100 PZA
PINT-001,PINTURA EN AEROSOL VERDE BOTELLA
PINT-002,PINTURA EN AEROSOL ROJO FUEGO
PINT-003,PINTURA EN AEROSOL BLANCO
PINT-004,PINTURA EN AEROSOL NARANJA
PINT-005,PINTURA EN AEROSOL NEGRO
PINT-006,PINTURA EN AEROSOL AMARILLO
PINT-007,PINTURA EN AEROSOL GRIS OBSCURO
PINT-008,PINTURA EN AEROSOL AZUL CIELO
PINT-009,PINTURA EN AEROSOL MORADO
PINT-010,PINTURA EN AEROSOL VERDE FOSFORECENTE
PINT-011,PINTURA EN AEROSOL ROSA MEXICANO
PINT-012,PINTURA EN AEROSOL ROSA CLARO
PINZ-001,PINZA P/SEGURO OMEGA 90°
PINZ-002,PINZA P/SEGURO OMEGA RECTA
PINZ-003,PINZA P/SEGURO OMEGA CURVAS
PINZ-004,"PINZA DE PRESION 7"" USO IND. MCA URREA MOD. 291R"
PINZ-005,"PINZA PUNTA CONICA CORTE LATERAL 6 1/4"" MARCA URREA MOD. 226GS"
PINZ-006,PINZA P/ELECTRICISTA IND MARCA URREA MODELO 2292G
PINZ-007,"PINZA DE PRESION TIPO ""C"""
PIST-001,"PISTOLA DE AIRE CON EXTENSION DE TUBO DE COBRE DE 3/16"" X 30 CM DE LARGO"
PLAC-001,PLACAS DE FIJACION P/ITEM 8mm
PLAC-002,PLACA DE ASIENTO ASV322 D30 (6853221)
PLAC-003,PLACA PARA CONTACTO DUPLEX
PLAC-004,PLACA DE APOYO SM37 KP
PLAC-005,PLACA DE ASIENTO 5322 234 01
PLAC-006,PLACA DE ASIENTO ASD322 550N (6708751)
PLAC-007,PLACA DE APOYO 5322 389 11
PLAC-010,PLAQUITA DE CORTE WNMG060408-VM HB7140-1
PLAC-011,PLAQUITA CORTE CCGW09T308-G BU7220
PLAC-012,PLAQUITA DE TRONZADO ANCHO 2 mm/HB7020
PLAC-013,"PLAQUITA LOEU090408TR-M, HB735
"
PLAC-014,PLACA DE APOYO 5322-474-01
PLAC-020,PLAQUITA REV. RDMW12T3MOT. HB75805
PLAC-038,PLACA DE APOYO IVSN-322 MVJNL1630
PLAC-039,PLACA DE APOYO ICSN-433
PLAY-001,PLAYERA MUJER T/CH
PLAY-002,PLAYERA MUJER T/M
PLAY-003,PLAYERA MUJER T/G
PLAY-004,PLAYERA HOMBRE T/CH
PLAY-005,PLAYERA HOMBRE T/M
PLAY-006,PLAYERA HOMBRE T/G
PLAY-007,PLAYERA HOMBRE T/XG
PLAY-008,PLAYERA HOMBRE CUELLO REDONDO T/G
PLAY-009,PLAYERA AZUL HOMBRE CUELLO SPORT T/CH
PLAY-010,PLAYERA AZUL HOMBRE CUELLO SPORT T/MD
PLAY-011,PLAYERA AZUL HOMBRE CUELLO SPORT T/GD
PLAY-012,PLAYERA AZUL MUJER CUELLO SPORT T/CH
PLAY-013,PLAYERA AZUL MUJER CUELLO SPORT T/MD
PLAY-014,PLAYERA AZUL MUJER CUELLO SPORT T/GD
PLET-001,PLETINA 40 X 80 BARRENO M8 P/ITEM
PLUM-001,PLUMON NEGRO ESTERBROOK PERMANENTE
PLUM-002,PLUMON MARCATEXTOS AMARILLO PUNTO MEDIO
PLUM-003,PLUMON PARA PIZARRON PUNTA REDONDA AZUL
PLUM-004,PLUMON PARA PIZARRON PUNTA BISELADA NEGRO
PLUM-005,PLUMON PARA PIZARRON PUNTA BISELADA ROJO
PLUM-006,PLUMON PARA PIZARRON FINO 4 COLORES
PLUM-007,PLUMON RESALTADOR MARCATEXTOS ROSA PUNTO MEDIO
PLUM-008,PLUMON MARCATEXTOS ROSA PUNTO GRUESO
PLUM-009,PLUMON MARCATEXTOS NARANJA PUNTO GRUESO
POLA-001,POLAINAS SEM CARNAZA CON VELCRO GR =
POLI-001,"POLIFOAM DE 1/8"""
PORT-001,PORTAELECTRODO INFRA 300A MOD. SP500
PORT-002,PORTA MORDAZA 10N32 EN 3/32 SKU: 768
PORT-003,PORTA CANDADO MASTER LOOK 420
POST-004,POSTIT
PRIM-001,PRIMER UNIVERSAL GRIS
PRIM-002,PRIMER UNIVERSAL ROJO
PROL-001,PROL GEL SANITIZANTE DESINFECTANTE PARA MANOSSIN ENJUAGE ELIMINA BACTERIAS Y GERMENES EN MANOS CONCENTRADO AL 65% PRSENTACION DE 1 LT
PROT-001,PROTECTOR FACIAL INFRA C/MTR 3PF500T
PROT-002,PROTECTOR DE HOJAS TRANSPARENTE T/CARTA
PROT-003,"ABSTR.BEWEGL.SCHUTZABD. X
Zeichn.-Nr.: 3809019 (PROTECTOR)"
PROT-004,"ABSTREIF.SCHIEBEBLECH OB.LINKS 
Zeichn.-Nr.: 3809007 (PROTECTOR)"
PROT-005,"ABSTREIF.SCHIEBEBL. UNT.LINKS 
Zeichn.-Nr.: 3809008 (PROTECTOR)"
PROT-006,"ABSTREIF.SCHIEBEBLECH RECHTS 
Zeichn.-Nr.: 3809009 (PROTECTOR)"
PUÑO-001,PUÑO DE ESPONJA CLL129W200 NEGRO
PUNT-001,PUNTA DE INDICADOR DE CARBURO MARCA MITUTOYO 137747
PUNT-002,PUNTA DE CONTACTO P/ELECTRODO ALAMBRE 0.035
PUNT-003,PUNTA DE CONTACTO P/ELECTRODO ALAMBRE 0.030
PUNT-004,PUNTA DE CONTACTO P/ELECTRODO ALAMBRE 0.040
PUNT-005,PUNTA MONTADA A-3 P/INOX CAFE 413
PUNT-006,PUNTA MONTADA A-3 ROSA 392
PUNT-007,PUNTA OXIDO DE ALUMINIO PM B132 10 X 13
PUNT-008,PUNTA DE BROCA DMP180 AH725
PUNT-009,PUNTA PM A24 6 X 20 X 6.4 88A90O6VT9 400
PUNT-010,"PUNTA DE CONTACTO 0.035"" T-M035 MDX250 MILLER
SKU:3063"
PUNT-011,"PUNTA
  DE INDICADOR DE CARBURO MARCA MITUTOYO 103018 (CORTAS)"
PUNT-017,PUNTA DE CONTACTO 0.045”
RECE-001,RECEPTACULO MUNEGRA 4P 4W 30A 277/480V
RECE-002,RECEPTACULO 50A/250V 2F-3H 5709N
RECO-001,RECOGEDOR DE LAMINA CON BASTON DE LAMINA DE 80 CM
RECO-002,RECOPILADOR CON ARGOLLA DE T/C
RECT-001,RECTIFICADOR DE DIAMANTE CONO MORSE 2K
REJI-001,"REJILLA 172M X 150MM(5.9""),P/VENT.#TP-FAN10172BE/20-172BE"
RELE-001,RELEVADOR DE SEGURIDAD MOD. 2981800
REMAS001,"REMACHE POP 5/64"""
REMAS002,"REMACHE POP 1/8"""
REMAS003,"REMACHE POP 3/16"""
RESO-001,RESORTE DE COMP INOX DIAM. HILO 0.5 X DIAM. EXT. 5.55 X LARGO 14.30 H/8 HILOS Y PUNTAS PLANAS
RESO-002,RESOSRTE PARA TROQUEL ROJO 3/4 X 130
RESO-003,RESORTE AZUL CARGA MEDIA D20 005
RESO-004,"RESORTE A2005 GALV. 5.5"" DE LARGO"
RESO-005,RESORTE DE TENSION GALV. S/M
RESO-006,"RESORTE DE TENSION INOX. DIAM. EXT. 30.5 mm x 133 mm DE LONG. 8 REVOLUCIONES, DIAM. DEL HILO 3mm CON PUNTAS PLANAS"
RESO-007,RESORTE PARA BROCAL SMI MOD. BAL1003T01
RESO-008,RESORTE DE COMPRESIÓN De 6mm L 14mm C 06mm 7 E+T ACP
RESO-009,RESORTE DE COMPRESION Material : acero inoxidable Longitud : 35mm Diámetro de hilo : 0.7mm Diámetro interior : 9mm Numero de vueltas : 12 vueltas Puntas planas
RESO-010,RESORTE DE COMPRESION Material: acero piano LONG. 49 MM DIAM. EXT. 15 MM DIAM. DEL HILO 1.6 MM NO. DE VUELTAS 10 PUNTAS PLANAS
RESO-011,RESORTE DE COMPRESIÓN INOXIDABLE De 15.5mm Di 12.5mm C 1.5mm L 16mm V 4 Esm. Esc .
RESO-012,RESORTE DE ACERO PIANO DE DIAM. INT. 55 MM X DIAM. DEL HILO 7/16 X 50 MM DE LARGO 3 VUELTAS Y PUNTAS PLANAS
RESO-013,RESORTE DE COMPRESION EXT. 8.5MM. DI DE HILO 1MM. LONG 35MM PASO 3MM PUNTAS PLANAS
RESO-018,"RESORTE
  DE COMPRESION ACERO TEMPLADO DIAM. EXT. 56.3MM, DIMA. HILO 6.35MM LARGO
  250MM, 14 VUELTAS, PUNTAS PLANAS"
RESP-001,RESPIRADOR 3M 8210 P/PARTICULAS
RESP-002,"RESPALDO P/DISCO AUTO ADHERIBLE 125 X 15.9 MM 11H
CLAVE: 1457"
RESP-003,"RESPIRADOR 3M 8511 P/PARTICULAS C/VALV "
RETE-003,RETEN 35 47 7
RETE-004,RETEN 58 80 10
RETE-010,RETEN 60 100 10
RIMA-024,RIMA DE COBALTO DE 6mm
RIMAM001,RIMA HSS 3mm
RIMAM002,RIMA HSS 4mm
RIMAM003,RIMA HSS 5mm
RIMAM004,RIMA HSS 6mm
RIMAM005,RIMA HSS 8mm
RIMAM006,RIMA HSS 10mm
RIMAM007,RIMA HSS 12mm
RIMAM008,RIMA HSS 14mm
RIMAM009,RIMA HSS 16mm
RIMAM010,RIMA HSS 20mm
RIMAM011,RIMA DE CARBURO DE 6mm
RIMAM012,RIMA DE CARBURO DE 8mm
RIMAM013,RIMA HSS 9mm
RIMAM014,RIMA 8MM LARGO TOTAL 80MM C/RECUB. TIALN
RIMAM015,RIMA HSS 2.5mm
RIMAM016,RIMA HSS 13mm
RIMAM017,RIMA HSS 15mm
RIMAM018,RIMA HSS 9.9mm
RIMAM019,RIMA DE CARBURO DE 7mm
RIMAM020,RIMA HSS 17mm
RIMAS101,"RIMA HSS 1/4"""
RIMAS102,"RIMA HSS 1/2"""
RIMAS103,"RIMA HSS 5/16"""
RIMAS104,"RIMA HSS 7/16"""
RIMAS105,"RIMA HSS 3/4"""
RODA-001,RODAMIENTO 6304 2ZR FAG
RODA-002,RODAMIENTO CONO T-157 TIM
RODA-003,RODAMIENTO DE AGUJA INA R40 X 45 X 17
RODA-004,RODAMIENTO ZSG 6201 ZZ
RODA-005,RODAMIENTO FAG 6202 2RS
RODA-006,RODAMIENTO FAG 6204 2RSR
RODA-007,RODAMIENTO 6206 ZZ
RODA-008,RODAMIENTO 6208 2RS
RODA-009,RODAMIENTO FRANTZ MOD. 2500
RODA-010,RODAMIENTO TL 6303 ZZ
RODA-011,RODAMIENTO ZSG 6302 ZZ
RODA-012,RODAMIENTO FAG 6303 2RSR L38
RODA-013,RODAMIENTO FAG 6303 2ZR C3
RODA-014,RODAMIENTO ZSG 6307 ZZ
RODA-015,RODAMIENTO FAG 30305A
RODA-016,RODAMIENTO SNR 6004 Z
RODA-017,RODAMIENTO INA SL183008-A-XL
RODA-018,RODAMIENTO INA PISTA INT. NA 6906-XL
RODA-019,RODAMIENTO FAG 32215
RODA-020,RODAMIENTO AS 28580/28520
RODA-021,RODAMIENTO FAG 22220
RODA-022,RODAMIENTO FRANTZ MODELO 5000 BRG
RODA-023,RADAMIENTO 16005
RODA-024,RODAMIENTO FAG 608 2RS
RODA-025,RODAMIENTO ZSG 686 ZZ
RODA-026,RODAMIENTO ZSG 696 ZZ
RODA-027,RODAMIENTO ZSG 61801 ZZ
RODA-028,RODAMIENTO FAG 6003.2ZR
RODA-029,RODAMIENTO NBR LR-203-2RS
RODA-030,RODAMIENTO FAG 6300 2RSR
RODA-031,RODAMIENTO FAG 6203 2RSR
RODA-032,RODAMIENTO 6205.2ZR
RODA-033,RODAMIENTO 6001.2ZR
RODA-055,RODAMIENTO DE AGUJAS DC502807
RODA-058,RODAMIENTO INA HK 2816
RODA-059,RODAMIENTO TIMKEN T110-904A1
RODI-001,"RODILLO DE FIBRA 17-280 100 X 100 
CLAVE: 593547"
RODI-002,RODILLO DE FIBRA C/LIJA GRANO 80 100 X 50 X 15.9 MM CLAVE 1390
RODI-004,RODILLO FIBRA G-180 100 X 100 X 19mm CLAVE 593530
RONDM001,RONDANA PLANA 8mm
RONDM002,RONDANA PLANA 12mm
RONDM003,RONDANA PLANA 20mm
RONDM004,RONDANA PLANA 24mm
RONDM005,RONDANA PLANA 18mm
RONDM006,RONDANA PLANA 14mm
RONDM007,RONDANA PLANA 6mm
RONDM008,RONDANA PLANA 3mm
RONDM009,RONDANA PLANA 16mm
RONDM101,RONDANA PLANA INOX. 5mm
RONDM201,RONDANA PLANA GALV. M 4
RONDM202,RONDANA PLANA GALV. M 5
RONDM203,RONDANA PLANA GALV. M 6
RONDM204,RONDANA PLANA GALV. 5/16
RONDM301,RONDANA DE PRESION 8mm
RONDM302,RONDANA DE PRESION 12mm
RONDM303,RONDANA DE PRESION 20mm
RONDM304,RONDANA DE PRESION 24mm
RONDM305,RONDANA DE PRESION 16mm
RONDM306,RONDANA DE PRESION 14mm
RONDS001,"RONDANA PLANA 5/32"""
RONDS002,"RONDANA PLANA 3/16"""
RONDS003,"RONDANA PLANA 1/4"""
RONDS004,"RONDANA PLANA 5/16"""
RONDS005,"RONDANA PLANA 3/8"""
RONDS006,"RONDANA PLANA 1/2"""
RONDS007,"RONDANA PLANA 5/8"""
RONDS008,"RONDANA PLANA 3/4"""
RONDS009,"RONDANA PLANA 7/8"""
RONDS010,"RONDANA PLANA 1"""
RONDS101,"RONDANA PLANA INOX. 1/2"""
RONDS102,"RONDANA PLANA INOX. 1/4"""
RONDS103,"RONDANA PLANA INOX. 5/16"""
RONDS104,RONDANA PLANA INOX. 5/8”
RONDS301,"RONDANA DE PRESION 5/16"""
RONDS302,"RONDANA DE PRESION 1/2"""
RONDS303,"RONDANA DE PRESION 5/8"""
RONDS304,"RONDANA DE PRESION 3/4"""
RONDS401,"RONDANA PLANA F436 3/4"""
RONDS402,"RONDANA DE PRESION INOX 5/16"""
RONDS404,RONDANA DE PRESION INOX. 5/8”
RUED-001,RUEDA 5 25 X 25 X 9.5 82A60K5VH1 22644
RUED-002,RUEDA 5 50 X 25 X 9.5 82A60K5VH1 22643
RUED-003,RUEDA ABRASIVA 175 X 13 X 31.7
RUED-004,RUEDA ABRASIVA 3SB54K7VP4 1 250 X 25 X 76.20
RUED-005,RUEDA ABRASIVA 3SB60K5VP4 1 350 X 25 X 127
RUED-007,"RUEDA ESME OXI ALUM. 6"" CLAVE 228 GRANO 100 3/4 VERDE"
RUED-008,"RUEDA ESME OXI ALUM. 6"" CLAVE 9 GRANO 80 3/4 GRIS"
RUED-009,RUEDA FLAP CON VASTAGO 25 X 25 X 6.4 GRANO 60 CLAVE 905
RUED-011,RUEDA FLAP CON VASTAGO 50 X 25 X 6.4 GRANO 60 CLAVE 915
RUED-012,RUEDA FLAP P/REBABEO Y ACABADO 150 X 25 X 25.4 GRANO 120
RUED-013,"RUEDA TRAPO P/PULIR 4"""
RUED-015,"RUEDA DE ESMERIL OXIDO DE ALUMINIO 8"" VERDE GRANO 100"
RUED-016,"RUEDA DE ESMERIL OXIDO DE ALUMINIO 8"" GRIS GRANO 36"
RUED-017,"RUEDA ROSA 10"" 250 X 25 X 76.2mm 52A541J2pVTR
CLAVE: 74"
RUED-018,"RUEDA ABRASIVA ROSA 350 X 25 X 127
CLAVE: 076"
RUED-019,RUEDA FLAP DE FELPA 25 X 25 X 6.4mm.
RUED-031,"RUEDA
  TRAPO P/PULIR 6"""
SACA-001,SACAPUNTAS DE PLASTICO
SACO-001,SACO DE RESINA 25lts.
SANI-001,"SANIPROL SANITIZANTE DESIFECTANTE A BASE DE SALES CAUTERINAS DE AMONIO ELIMINA LA CARGA BACTERINA EN SUPERFICIES COMO ESCRITORIOS, MESA DE TRABAJO , PUERTAS, CHAPAS ETC. CON UNA DISOLUCION DE 2.5 ML POR CADA LITRO DE AGUA"
SEGU-001,SEGUETA PARA ARCO 1812
SEGU-002,SEGUETA P/CALAR T101B DIENTE GRUESO
SEGU-003,SEGUETA P/CALAR T111C DIENTE FINO
SELL-001,SELLADOR SIKAFLEX NEGRO
SELL-002,SELLADOR SILICON BLANCO
SIER-001,"SIERRA CINTA 20 X 0.90 5/8 DDP 93"" X 2362 #528"
SIER-002,"SIERRA CIRCULAR P/CORTE DE METAL 6 X 1/8 X 1"""
SIER-003,SIERRA CIRCULAR
SIER-004,"SIERRA
  CINTA MVGLB 3/4"" X 3/4 DPP X 93"" (2.36 Mts) 
    AMADA"
SILB-001,SILBATO PARA PREVENCION DEL DELITO
SOLD-001,SOLDADURA EN POLVO EUTEC BOR 10009
SOLU-001,"SOLUBLE ANTIWEAR 2 HANGSTERFER""S AW2P"
SOLU-002,"SOLUBLE HANGSTERFER""S S-500 CF"
SOLV-002,SOLVENTE DIELECTRICO ELECTROSOL CITRAL
SPRA-001,SPRAY ANTISALPICADURAS WELD500 PARA BOQUILLAS Y PUNTAS DE CONTACTO
SPRO-001,SPROCKET MARTIN 40 A 36(MAR) TIPO A
SUSP-001,SUSPENCION MATRACA INFRA MTR 25CM21
SUSP-002,"SUSPENSION FW44P7 P/CARETAS ELITE,FURIUS, SWEISS
SKU-3059"
TABL-001,TABLERO DE CONEXIONES PRIMAS P/SOLDADURA
TABL-002,TABLA SUJETA HOJAS T/CARTA CON CLIP METALICO
TALA-001,TALADRO TIPO ESPADA
TALA-002,TALADRO MAGNETICO
TAPE-002,TAPE CINTA ADHESIVA
TAPE-003,MASKING TAPE 48mm X 50m
TAPO-001,TAPON AUDITIVO 3M 1110
TAPO-002,TAPON AUDITIVO 3M 1250 NEON DESECHABLE
TAPO-003,TAPON MACHO 1/4 NTP EN ACERO
TAPO-004,TAPON MACHO 3/8 NTP EN ACERO
TAQUS001,"TAQUETE DE PLASTICO 3/16"""
TAQUS002,"TAQUETE DE PLASTICO 1/4"""
TAQUS003,"TAQUETE DE PLASTICO 3/8"""
TAQUS004,"TAQUETE DE PLASTICO 3/8"""
TAQUS006,"TAQUETE
  TIPO ARPON (HILTI) 1/2 X 5 1/2"""
TAQUS101,"TAQUETE TIPO ARPON (HILTI) 1/4 X 2 1/4"""
TAQUS102,"TAQUETE TIPO ARPON (HILTI) 1/4 X 2 1/2"""
TAQUS103,"TAQUETE TIPO ARPON (HILTI) 3/8 X 1/2"""
TAQUS104,"TAQUETE TIPO ARPON (HILTI) 1/2 X 2 1/2"""
TAQUS105,"TAQUETE TIPO ARPON (HILTI) 5/8 X 6"""
TAQUS106,"TAQUETE TIPO ARPON (HILTI) 3/4 X 7"""
TAQUS107,"TAQUETE TIPO ARPON (HILTI) 3/8 X 3 3/4"""
TAQUS108,"TAQUETE TIPO ARPON (HILTI) 1/2 X 3 3/4"""
TARJ-001,TARJETA MIFARE CLASSIC
TARR-301,"TARRAJA HSS UNC 2"" 1-8"
TARR-302,"TARRAJA HSS UNC 2"" 7/8 - 9"
TARR-303,"TARRAJA HSS UNC 1 1/2"" 5/8 -11"
TARR-304,"TARRAJA HSS UNC 1 1/2"" 3/4 - 10"
TARR-305,"TARRAJA HSS UNC 1"" 1/4 - 20"
TARR-306,"TARRAJA HSS UNC 1"" 1/2 -13"
TARRM001,TARRAJA HSS M8 X 1.25
TARRM002,TARRAJA HSS M10 X 1.5
TARRM003,TARRAJA HSS M12 X 1.75
TARRM004,TARRAJA HSS 4.7mm
TARRS101,TARRAJA HSS 1/8 -27 NPT
TARRS102,TARRAJA HSS 1/4-18 NPT
TARRS103,TARRAJA HSS 5/16-18 UNC
TARRS104,TARRAJA HSS 3/8-16 UNC
TARRS105,TARRAJA HSS 1/2-13 UNC
TARRS106,TARRAJA HSS 3/8-24 NF
TEEG-001,"TEE GALV HIERRO ROSC 150 LBS DE 1/2"""
TERM - 011,TERMINAL DE EMPALME 12 - 10
TERM - 012,TERMINAL DE EMPALME 22 - 16
TERM-001,TERMINAL DE ESPADA 3/16
TERM-002,"TERMINAL AISLADA ARILLO 3/16"" 16-14 AZUL"
TERM-003,"TERMINAL AISLADA ARILLO 3/16"" 12-10 AMARILLO"
TERM-004,TERMINAL DE PUNTA C-16
TERM-005,TERMINAL DE PUNTA C-4
TERM-006,TERMINAL DE ESPADA 14 - 16
TERM-007,TERMINAL DE ESPADA 22 - 18
THIN-001,THINNER STD
TIJE-001,TIJERAS DE ACERO INOXIDABLE
TIJE-002,TIJERAS PARA CORTE DE LAMINA
TOAL-001,TOALLAS SHOP SCOTT
TOAL-002,TOALLAS HUMEDAS DESINFECTANTES GREEN FREG (400 PZ)
TOBE-001,TOBERA M-25 M-40 1/2 #169724
TOBE-002,TOBERA M15 1/2 #169715
TOBE-003,"TOBERA N-M1200C MDX250 MILLER
SKU-3065"
TOBE-004,BOQUILLA 23-50 250 AMP PRO
TOBE-005,BOQUILLA 23-62 250 AMP PRO
TORN-001,TORNILLO DE RETENCION 1026590
TORN-002,"TORNILLO DE BANCO INDUSTRIAL 4"" MOD. 424N MCA. URREA"
TORNH801,TORNILLO CSTB-2.5 L046 (7066668)
TORNH802,TORNILLO CSTB-2.5 6815313
TORNH803,TORNILLO PARA INSERTO 416.1-834
TORNH803,TORNILLO TORX 416.1-834
TORNH804,TORNILLO PARA CLAMP CLM20
TORNH805,TORNILLO PARA CLAMP CLM21
TORNH806,TORNILLO CSTB- 3.5 06802569
TORNH807,TORNILLO CAB. PLANA ESTRELLA CSTB - 3.5 L110 07050332
TORNH808,TORNILLO CSPB - 2.5 S 06819732
TORNH809,TORNILLO PARA INSERTO ALTO AVANCE F3510T8
TORNH810,TORNILLO 5513 020 09
TORNH811,TORNILLO ACS - 5W 06852685
TORNH812,TORNILLO 5513 020 28
TORNH813,TORNILLO CSTB4S 6802580
TORNH814,TORNILLO CSPB-2H 6851333
TORNH815,TORNILLO 5513 020 13
TORNH816,TORNILLO 5513 020 05
TORNH817,TORNILLO 5513 020 58
TORNH818,TORNILLO 5513 020 35
TORNH819,TORNILLO 5513 020 57
TORNH820,TORNILLO 5513 020 82
TORNH821,TORNILLO 5513 020 78
TORNH822,TORNILLO F3508T
TORNH823,TORNILLO 7011251
TORNH824,TORNILLO 5513 020 36
TORNH825,TORNILLO 7002353
TORNH826,TORNILLO 5513 020 41
TORNH827,TORNILLO 700-023-53
TORNH828,TORNILLO 5513-020-78
TORNH829,TORNILLO 219802
TORNH830,TORNILLO MS-2071
TORNH831,TORNILLO 219842
TORNH832,TORNILLO 219810
TORNH833,TORNILLO 219807
TORNH834,TORNILLO 219805
TORNH835,TORNILLO CSPB 2.5SH (6851335)
TORNH837,TORNILLO F3510T
TORNH838,TORNILLO MS-2071
TORNH839,TORNILLO PARA PLACA DE APOYO 5512-090-11
TORNH840,TORNILLO 5680084-02
TORNH841,TORNILLO 6807509
TORNH842,TORNILLO DP5009A
TORNH843,TORNILLO MS 1200 CAB. DE GOTA 3.5 X 20
TORNH846,TORNILLO HUECO 5512 090 09
TORNH847,TORNILLO S125 MM1019656
TORNH848,TORNILLO STC4 MM1029380
TORNH850,TORNILLO PARA CORTADOR T04N EOP 862188 250-141
TORNH852,TORNILLO 862145 240-140 TORNILLO PARA RH2P (12mm)
TORNH853,TORNILLO 219800
TORNM,
TORNM001,TORNILLO CAB. CILINDRICA ALLEN M 3 X 16
TORNM002,TORNILLO CAB. CILINDRICA ALLEN M 3 X 20
TORNM003,TORNILLO CAB. CILINDRICA ALLEN M 4 X 12
TORNM004,TORNILLO CAB. CILINDRICA ALLEN M 4 X 16
TORNM005,TORNILLO CAB. CILINDRICA ALLEN M 4 X 20
TORNM006,TORNILLO CAB. CILINDRICA ALLEN M 4 X 25
TORNM007,TORNILLO CAB. CILINDRICA ALLEN M 4 X 50
TORNM008,TORNILLO CAB. CILINDRICA ALLEN M 5 X 5
TORNM009,TORNILLO CAB. CILINDRICA ALLEN M 5 X 10
TORNM010,TORNILLO CAB. CILINDRICA ALLEN M 5 X 20
TORNM011,TORNILLO CAB. CILINDRICA ALLEN M 5 X 25
TORNM012,TORNILLO CAB. CILINDRICA ALLEN M 5 X 50
TORNM013,TORNILLO CAB. CILINDRICA ALLEN M 5 X 80
TORNM014,TORNILLO CAB. CILINDRICA ALLEN M 6 X 16
TORNM015,TORNILLO CAB. CILINDRICA ALLEN M 6 X 20
TORNM016,TORNILLO CAB. CILINDRICA ALLEN M 6 X 25
TORNM017,TORNILLO CAB. CILINDRICA ALLEN M 6 X 30
TORNM018,TORNILLO CAB. CILINDRICA ALLEN M 6 X 35
TORNM019,TORNILLO CAB. CILINDRICA ALLEN M 6 X 45
TORNM020,TORNILLO CAB. CILINDRICA ALLEN M 8 X 12
TORNM021,TORNILLO CAB. CILINDRICA ALLEN M 8 X 16
TORNM022,TORNILLO CAB. CILINDRICA ALLEN M 8 X 20
TORNM023,TORNILLO CAB. CILINDRICA ALLEN M 8 X 25
TORNM024,TORNILLO CAB. CILINDRICA ALLEN M 8 X 30
TORNM025,TORNILLO CAB. CILINDRICA ALLEN M 8 X 35
TORNM026,TORNILLO CAB. CILINDRICA ALLEN M 8 X 40
TORNM027,TORNILLO CAB. CILINDRICA ALLEN M 8 X 50
TORNM028,TORNILLO CAB. CILINDRICA ALLEN M 8 X 55
TORNM029,TORNILLO CAB. CILINDRICA ALLEN M 8 X 80
TORNM030,TORNILLO CAB. CILINDRICA ALLEN M 8 X 90
TORNM031,TORNILLO CAB. CILINDRICA ALLEN M 8 X 120
TORNM032,TORNILLO CAB. CILINDRICA ALLEN M10 X 20
TORNM033,TORNILLO CAB. CILINDRICA ALLEN M10 X 25
TORNM034,TORNILLO CAB. CILINDRICA ALLEN M10 X 30
TORNM035,TORNILLO CAB. CILINDRICA ALLEN M10 X 35
TORNM036,TORNILLO CAB. CILINDRICA ALLEN M10 X 40
TORNM037,TORNILLO CAB. CILINDRICA ALLEN M10 X 45
TORNM038,TORNILLO CAB. CILINDRICA ALLEN M10 X 70
TORNM039,TORNILLO CAB. CILINDRICA ALLEN M10 X 80
TORNM040,TORNILLO CAB. CILINDRICA ALLEN M10 X 90
TORNM041,TORNILLO CAB. CILINDRICA ALLEN M10 X 140
TORNM042,TORNILLO CAB. CILINDRICA ALLEN M12 X 20
TORNM043,TORNILLO CAB. CILINDRICA ALLEN M12 X 25
TORNM044,TORNILLO CAB. CILINDRICA ALLEN M12 X 35
TORNM045,TORNILLO CAB. CILINDRICA ALLEN M12 X 40
TORNM046,TORNILLO CAB. CILINDRICA ALLEN M12 X 45
TORNM047,TORNILLO CAB. CILINDRICA ALLEN M12 X 50
TORNM048,TORNILLO CAB. CILINDRICA ALLEN M12 X 60
TORNM049,TORNILLO CAB. CILINDRICA ALLEN M12 X 70
TORNM050,TORNILLO CAB. CILINDRICA ALLEN M12 X 75
TORNM051,TORNILLO CAB. CILINDRICA ALLEN M12 X 100
TORNM052,TORNILLO CAB. CILINDRICA ALLEN M12 X 140
TORNM053,TORNILLO CAB. CILINDRICA ALLEN M12 X 160
TORNM054,TORNILLO CAB. CILINDRICA ALLEN M14 X 50
TORNM055,TORNILLO CAB. CILINDRICA ALLEN M14 X 200
TORNM056,TORNILLO CAB. CILINDRICA ALLEN M16 X 30
TORNM057,TORNILLO CAB. CILINDRICA ALLEN M16 X 40
TORNM058,TORNILLO CAB. CILINDRICA ALLEN M16 X 70
TORNM059,TORNILLO CAB. CILINDRICA ALLEN M16 X 80
TORNM060,TORNILLO CAB. CILINDRICA ALLEN M16 X 90
TORNM061,TORNILLO CAB. CILINDRICA ALLEN M20 X 60
TORNM062,TORNILLO CAB. CILINDRICA ALLEN M20 X 80
TORNM063,TORNILLO CAB. CILINDRICA ALLEN M 8 X 160
TORNM064,TORNILLO CAB. CILINDRICA ALLEN M10 X 110
TORNM065,TORNILLO CAB. CILINDRICA ALLEN M 4 X 30
TORNM066,TORNILLO CAB. CILINDRICA ALLEN M 3 X 8
TORNM067,TORNILLO CAB. CILINDRICA ALLEN M 4 X 8
TORNM068,TORNILLO CAB. CILINDRICA ALLEN M 4 X 10
TORNM069,TORNILLO CAB. CILINDRICA ALLEN M 8 X 180
TORNM070,TORNILLO CAB. CILINDRICA ALLEN M16 X 55
TORNM071,TORNILLO CAB. CILINDRICA ALLEN M14 X 45
TORNM072,TORNILLO CAB. CILINDRICA ALLEN M 6 X 80
TORNM073,TORNILLO CAB. CILINDRICA ALLEN M10 X 150
TORNM074,TORNILLO CAB. CILINDRICA ALLEN M 5 X 12
TORNM075,TORNILLO CAB. CILINDRICA ALLEN M 6 X 12
TORNM076,TORNILLO CAB. CILINDRICA ALLEN M 5 X 16
TORNM077,TORNILLO CAB. CILINDRICA ALLEN M 6 X 12
TORNM078,TORNILLO CAB. CILINDRICA ALLEN M10 X 50
TORNM079,TORNILLO CAB. CILINDRICA ALLEN M10 X 16
TORNM080,TORNILLO CAB. CILINDRICA ALLEN M16 X 50
TORNM081,TORNILLO CAB. CILINDRICA ALLEN M 3 X 12
TORNM082,TORNILLO CAB. CILINDRICA ALLEN M16 X 60
TORNM086,TORNILLO CAB. CILINDRICA ALLEN M10 X 65
TORNM087,TORNILLO CAB. CILINDRICA ALLEN M 6 X 40
TORNM088,TORNILLO CAB. CILINDRICA ALLEN M 6 X 55
TORNM094,TORNILLO CAB. CILINDRICA ALLEN M8 X 45
TORNM101,TORNILLO CAB. CILINDRICA ALLEN INOX. M 4 X 1
TORNM102,TORNILLO CAB. CILINDRICA ALLEN INOX. M 4 X 6
TORNM103,TORNILLO CAB. CILINDRICA ALLEN INOX. M 4 X 10
TORNM104,TORNILLO CAB. CILINDRICA ALLEN INOX. M 4 X 20
TORNM105,TORNILLO CAB. CILINDRICA ALLEN INOX. M 5 X 20
TORNM105,TORNILLO CAB. CILINDRICA ALLEN M 5 X 10
TORNM106,TORNILLO CAB. CILINDRICA ALLEN INOX. M 5 X 25
TORNM107,TORNILLO CAB. CILINDRICA ALLEN INOX. M 5 X 30
TORNM108,TORNILLO CAB. CILINDRICA ALLEN INOX. M 6 X 20
TORNM109,TORNILLO CAB. CILINDRICA ALLEN INOX. M 6 X 25
TORNM110,TORNILLO CAB. CILINDRICA ALLEN INOX. M 8 X 30
TORNM111,TORNILLO CAB. CILINDRICA ALLEN INOX. M 8 X 50
TORNM112,TORNILLO CAB. CILINDRICA ALLEN INOX. M 8 X 70
TORNM113,TORNILLO CAB. CILINDRICA ALLEN INOX. M12 X 20
TORNM114,TORNILLO CAB. CILINDRICA ALLEN INOX. M 5 X 10
TORNM115,TORNILLO CAB. CILINDRICA ALLEN INOX. M 5 X 16
TORNM116,TORNILLO CAB. CILINDRICA ALLEN INOX. M 6 X 16
TORNM117,TORNILLO CAB. CILINDRICA ALLEN INOX. M 3 X 10
TORNM118,TORNILLO CAB. CILINDRICA ALLEN INOX. M 8 X 20
TORNM120,"TORNILLO
  CAB. CILINDRICA ALLEN INOX. M10 X 25"
TORNM121,"TORNILLO
  CAB. CILINDRICA ALLEN INOX. M10 X 35"
TORNM201,TORNILLO CAB. DE GOTA ALLEN M 4 X 6
TORNM202,TORNILLO CAB. DE GOTA ALLEN M 4 X 8
TORNM203,TORNILLO CAB. DE GOTA ALLEN M 4 X 15
TORNM204,TORNILLO CAB. DE GOTA ALLEN M 6 X 25
TORNM205,TORNILLO CAB. DE GOTA ALLEN M 6 X 30
TORNM206,TORNILLO CAB. DE GOTA ALLEN M 6 X 35
TORNM207,TORNILLO CAB. DE GOTA ALLEN M 8 X 12
TORNM208,TORNILLO CAB. DE GOTA ALLEN M12 X 30
TORNM209,TORNILLO CAB. DE GOTA ALLEN M 8 X 20
TORNM210,TORNILLO CAB. DE GOTA ALLEN M 8 X 25
TORNM211,TORNILLO CAB. DE GOTA ALLEN M 8 X 15
TORNM212,TORNILLO CAB. DE GOTA ALLEN M 6 X 20
TORNM213,TORNILLO CAB. DE GOTA ALLEN M 4 X 10
TORNM214,TORNILLO CAB. DE GOTA ALLEN M 5 X 8
TORNM215,TORNILLO CAB. DE GOTA ALLEN M 5 X 10
TORNM216,TORNILLO CAB. DE GOTA ALLEN M 5 X 12
TORNM217,TORNILLO CAB. DE GOTA ALLEN M 6 X 8
TORNM218,TORNILLO CAB. DE GOTA ALLEN M 6 X 12
TORNM219,TORNILLO CAB. DE GOTA ALLEN M 8 X 10
TORNM220,TORNILLO CAB. DE GOTA ALLEN M 8 X 16
TORNM301,TORNILLO CAB. HEX M10 X 30
TORNM302,TORNILLO CAB. HEX M10 X 125
TORNM303,TORNILLO CAB. HEX M12 X 35
TORNM304,TORNILLO CAB. HEX M12 X 40
TORNM305,TORNILLO CAB. HEX M12 X 50
TORNM306,TORNILLO CAB. HEX M14 X 30
TORNM307,TORNILLO CAB. HEX M14 X 40
TORNM308,TORNILLO CAB. HEX M14 X 70
TORNM309,TORNILLO CAB. HEX M16 X 60
TORNM310,TORNILLO CAB. HEX M16 X 70
TORNM311,TORNILLO CAB. HEX M16 X 80
TORNM312,TORNILLO CAB. HEX M16 X 90
TORNM313,TORNILLO CAB. HEX M20 X 55
TORNM314,TORNILLO CAB. HEX M20 X 60
TORNM315,TORNILLO CAB. HEX M12 X 30
TORNM316,TORNILLO CAB. HEX M18 X 60
TORNM317,TORNILLO CAB. HEX M10 X 45
TORNM318,TORNILLO CAB. HEX M10 X 35
TORNM319,TORNILLO CAB. HEX M10 X 55
TORNM320,TORNILLO CAB. HEX M 8 X 25
TORNM321,TORNILLO CAB. HEX M14 X 45
TORNM322,TORNILLO CAB. HEX M16 X 50
TORNM323,TORNILLO CAB. HEX. M10 X 15
TORNM324,"TORNILLO
  CAB. HEX M16 X 150"
TORNM351,TORNILLO CAB. HEX INOX. M 8 X 35
TORNM401,TORNILLO CAB. PLANA ALLEN M 3 X 8
TORNM402,TORNILLO CAB. PLANA ALLEN M 3 X 12
TORNM403,TORNILLO CAB. PLANA ALLEN M 3 X 16
TORNM404,TORNILLO CAB. PLANA ALLEN M 4 X 8
TORNM405,TORNILLO CAB. PLANA ALLEN M 4 X 10
TORNM406,TORNILLO CAB. PLANA ALLEN M 4 X 15
TORNM407,TORNILLO CAB. PLANA ALLEN M 5 X 8
TORNM408,TORNILLO CAB. PLANA ALLEN M 6 X 8
TORNM409,TORNILLO CAB. PLANA ALLEN M 6 X 16
TORNM410,TORNILLO CAB. PLANA ALLEN M 6 X 25
TORNM411,TORNILLO CAB. PLANA ALLEN M 6 X 35
TORNM412,TORNILLO CAB. PLANA ALLEN M 6 X 40
TORNM413,TORNILLO CAB. PLANA ALLEN M 8 X 20
TORNM414,TORNILLO CAB. PLANA ALLEN M 8 X 25
TORNM415,TORNILLO CAB. PLANA ALLEN M 8 X 12
TORNM416,TORNILLO CAB. PLANA ALLEN M 8 X 60
TORNM417,TORNILLO CAB. PLANA ALLEN M10 X 18
TORNM418,TORNILLO CAB. PLANA ALLEN M10 X 40
TORNM419,TORNILLO CAB. PLANA ALLEN M 8 X 10
TORNM420,TORNILLO CAB. PLANA ALLEN M 8 X 35
TORNM421,TORNILLO CAB. PLANA ALLEN M 4 X 30
TORNM422,TORNILLO CAB. PLANA ALLEN M 3 X 10
TORNM423,TORNILLO CAB. PLANA ALLEN M 2 X 5
TORNM424,TORNILLO CAB. PLANA ALLEN M 8 X 16
TORNM425,TORNILLO CAB. PLANA ALLEN M 5 X 20
TORNM426,TORNILLO CAB. PLANA ALLEN M 6X12
TORNM427,TORNILLO CAB. PLANA ALLEN 3/16 X 3/4
TORNM428,TORNILLO CAB. PLANA ALLEN M 6 X 20
TORNM429,TORNILLO CAB. PLANA ALLEN M 5 X 20
TORNM501,TORNILLO CAB. PLANA ALLEN INOX. M 4 X 10
TORNM502,TORNILLO CAB. PLANA ALLEN INOX. M 5 X 10
TORNM503,TORNILLO CAB. PLANA ALLEN INOX. M 5 X 15
TORNM504,TORNILLO CAB. PLANA ALLEN INOX. M 6 X 12
TORNM505,TORNILLO CAB. PLANA ALLEN INOX. M 5 X 20
TORNM506,TORNILLO CAB. PLANA ALLEN INOX. M 6 X 20
TORNM507,TORNILLO CAB. PLANA ALLEN INOX. M 6 X 25
TORNM508,TORNILLO CAB. PLANA ALLEN INOX. M 8 X 20
TORNM509,TORNILLO CAB. PLANA ALLEN INOX. M10 X 25
TORNM510,TORNILLO CAB. PLANA ALLEN INOX. M 6 X 16
TORNM601,TORNILLO CAB. QUESO M 4 X 10
TORNM602,TORNILLO CAB. QUESO M 5 X 10
TORNM603,TORNILLO CAB. QUESO M 6 X 10
TORNM651,TARNILLO CAB. BOTON ALLEN M 4 X 6 (LLAVE ALLEN)
TORNM652,TORNILLO CAB. BOTON M 4 X 8 (LLAVE ALLEN)
TORNM653,TORNILLO CAB. BOTON M 4 X 10 (LLAVE ALLEN)
TORNM654,TORNILLO CAB. BOTON M 4 X 10 (DESARMADOR DE CRUZ)
TORNM655,TORNILLO CAB. BOTON M 4 X 50 (LLAVE ALLEN)
TORNM656,TORNILLO CAB. BOTON M 5 X 12 (LLAVE ALLEN)
TORNM701,TORNILLO GUIA M12 X 50
TORNM702,TORNILLO GUIA M12 X 80
TORNM703,TORNILLO GUIA M 8 X 16
TORNM704,TORNILLO GUIA M10 X 50
TORNM705,TORNILLO GUIA M16 X 40
TORNM706,TORNILLO GUIA M16 X 40
TORNS001,"TORNILLO CAB. CILINDRICA ALLEN 3/16 X 3/4"""
TORNS002,"TORNILLO CAB. CILINDRICA ALLEN 3/16 X 1"""
TORNS003,"TORNILLO CAB. CILINDRICA ALLEN 3/16 X 1 1/2"""
TORNS004,"TORNILLO CAB. CILINDRICA ALLEN 3/16 X 2"""
TORNS005,"TORNILLO CAB. CILINDRICA ALLEN 3/16 X 2 1/2"""
TORNS006,"TORNILLO CAB. CILINDRICA ALLEN 1/4 X 3/4"""
TORNS007,"TORNILLO CAB. CILINDRICA ALLEN 1/4 X 1"""
TORNS008,"TORNILLO CAB. CILINDRICA ALLEN 1/4 X 1 1/4"""
TORNS009,"TORNILLO CAB. CILINDRICA ALLEN 1/4 X 1 1/2"""
TORNS010,"TORNILLO CAB. CILINDRICA ALLEN 1/4 X 2"""
TORNS011,"TORNILLO CAB. CILINDRICA ALLEN 1/4 X 2 1/2"""
TORNS012,"TORNILLO CAB. CILINDRICA ALLEN 1/4 X 4 1/2"""
TORNS013,"TORNILLO CAB. CILINDRICA ALLEN 5/16 X 1"""
TORNS014,"TORNILLO CAB. CILINDRICA ALLEN 5/16 X 1 1/4"""
TORNS015,"TORNILLO CAB. CILINDRICA ALLEN 5/16 X 1 1/2"""
TORNS016,"TORNILLO CAB. CILINDRICA ALLEN 5/16 X 2"""
TORNS017,"TORNILLO CAB. CILINDRICA ALLEN 5/16 X 3"""
TORNS018,"TORNILLO CAB. CILINDRICA ALLEN 5/16 X 3 1/2"""
TORNS019,"TORNILLO CAB. CILINDRICA ALLEN 5/16 X 4"""
TORNS020,"TORNILLO CAB. CILINDRICA ALLEN 5/16 X 4 1/2"""
TORNS021,"TORNILLO CAB. CILINDRICA ALLEN 3/8 X 3/4"""
TORNS022,"TORNILLO CAB. CILINDRICA ALLEN 3/8 X 1"""
TORNS023,"TORNILLO CAB. CILINDRICA ALLEN 3/8 X 1 1/4"""
TORNS024,"TORNILLO CAB. CILINDRICA ALLEN 3/8 X 1 1/2"""
TORNS025,"TORNILLO CAB. CILINDRICA ALLEN 3/8 X 2 1/2"""
TORNS026,"TORNILLO CAB. CILINDRICA ALLEN 3/8 X 3"""
TORNS027,"TORNILLO CAB. CILINDRICA ALLEN 3/8 X 3 1/2"""
TORNS028,"TORNILLO CAB. CILINDRICA ALLEN 3/8 X 4"""
TORNS029,"TORNILLO CAB. CILINDRICA ALLEN 3/8 X 6"""
TORNS030,"TORNILLO CAB. CILINDRICA ALLEN 7/16 X 3"""
TORNS031,"TORNILLO CAB. CILINDRICA ALLEN 5/8 X 2"""
TORNS032,"TORNILLO CAB. CILINDRICA ALLEN 3/8 X 2 3/4"""
TORNS033,"TORNILLO CAB. CILINDRICA ALLEN 5/16 X 4 1/4"""
TORNS034,"TORNILLO CAB. CILINDRICA ALLEN 3/16 X 1/2"""
TORNS035,"TORNILLO CAB. CILINDRICA ALLEN 1/4 X 6"""
TORNS036,"TORNILLO CAB. CILINDRICA ALLEN 1/4 X 3"""
TORNS037,TORNILLO CAB. CILINDRICA ALLEN 1/4” X 1/2”
TORNS039,TORNILLO CAB. CILINDRICA ALLEN 5/16 X 3/4”
TORNS201,"TORNILLO CAB. DE GOTA ALLEN 5/16 X 1 1/2"""
TORNS202,"TORNILLO CAB. DE GOTA ALLEN 5/16 X 1"""
TORNS203,"TORNILLO CAB. DE GOTA ALLEN 5/16 X 2"""
TORNS204,"TORNILLO CAB. DE GOTA ALLEN 5/16 X 2 1/4"""
TORNS301,"TORNILLO CAB. HEX 1/4 X 1 1/2"""
TORNS302,"TORNILLO CAB. HEX 5/16 X 3/4"""
TORNS303,"TORNILLO CAB. HEX 5/16 X 1"" GALV."
TORNS304,"TORNILLO CAB. HEX 5/16 X 2"" GALV."
TORNS305,"TORNILLO CAB. HEX 3/8 X 1"" GALV."
TORNS306,"TORNILLO CAB. HEX 3/8 X 1 1/2"" GALV."
TORNS307,"TORNILLO CAB. HEX 3/8 X 2"""
TORNS308,"TORNILLO CAB. HEX 3/8 X 2 1/2"" GALV."
TORNS309,"TORNILLO CAB. HEX 7/16 X 1 1/2"""
TORNS310,"TORNILLO CAB. HEX 7/16 X 2 1/2"""
TORNS311,"TORNILLO CAB. HEX 1/2 X 1 1/2"""
TORNS312,"TORNILLO CAB. HEX 1/2 X 3 1/2"""
TORNS313,"TORNILLO CAB. HEX 5/8 X 1 1/2"""
TORNS314,"TORNILLO CAB. HEX 5/8 X 3 1/2"" GALV."
TORNS315,"TORNILLO CAB. HEX 3/4 X 1 1/2"""
TORNS316,"TORNILLO CAB. HEX 3/4 X 2"""
TORNS317,"TORNILLO CAB. HEX 3/4 X 4"""
TORNS318,"TORNILLO CAB. HEX 3/4 X 5 1/2"""
TORNS319,TORNILLO CAB. HEX 1/2 X 2 GALV.
TORNS320,TORNILLO CAB. HEX 1/2 X 3
TORNS321,TORNILLO CAB. HEX 5/8 X 2
TORNS322,TORNILLO CAB. HEX 5/16 X 2
TORNS323,"TORNILLO CAB. HEX 5/8 X 3 1/2"""
TORNS324,"TORNILLO CAB. HEX 3/8 X 1 1/4"" GALV."
TORNS325,"TORNILLO CAB. HEX 3/8 X 1 1/4"" GALV."
TORNS326,"TORNILLO CAB. HEX 1/2 X 4 1/2"""
TORNS330,"TORNILLO CAB. HEX 5/16 X 2 1/2"""
TORNS338,TORNILLO CAB. HEX 5/8” X 2 1/2” INOX.
TORNS401,"TORNILLO CAB. PLANA ALLEN 3/16 X 1 1/4"""
TORNS402,"TORNILLO CAB. PLANA ALLEN 1/4 X 1"""
TORNS403,"TORNILLO CAB. PLANA ALLEN 1/4 X 1 1/4"""
TORNS404,"TORNILLO CAB. PLANA ALLEN 1/4 X 1 1/2"""
TORNS405,"TORNILLO CAB. PLANA ALLEN 1/4 X 2"""
TORNS406,"TORNILLO CAB. PLANA ALLEN 1/4 X 2 1/2"""
TORNS407,"TORNILLO CAB. PLANA ALLEN 3/8 X 1 1/2"""
TORNS408,"TORNILLO CAB. PLANA ALLEN 1/2 X 3"""
TORNS409,"TORNILLO CAB. PLANA ALLEN 1/2 X 3/4"""
TORNS410,"TORNILLO CAB. PLANA ALLEN 1/4 X 2 1/4"""
TORNS411,"TORNILLO CAB. PLANA ALLEN 3/16 X 1/2"""
TORNS412,TORNILLO CAB. PLANA ALLEN 1/4 X 3/4”
TORNS701,"TORNILLO GUIA ALLEN 1/2 X 1 1/2"""
TORNS702,"TORNILLO GUIA ALLEN 1/2 X 1 1/4"""
TRAP-001,TRAPO DE ALGODON
TRAZ-001,"TRAZADOR MARCA MITUTOYO 
MODELO;900258"
TUBO-001,"TUBO CONDUIT PARED DELGADA 2"""
TUERM001,TUERCA HEX. 4mm.
TUERM002,TUERCA HEX. 6mm.
TUERM003,TUERCA HEX. 8mm.
TUERM004,TUERCA HEX. 12mm.
TUERM005,TUERCA HEX. 16mm.
TUERM006,TUERCA HEX. 24mm.
TUERM007,TUERCA HEX. DE SEGURIDAD 16mm.
TUERM008,TUERCA P/RAN.40 M8 (ITEM)
TUERM009,Tuerca FAG KM-16
TUERM010,TUERCA HEX. 20mm.
TUERM011,TUERCA HEX. 10mm.
TUERM012,TUERCA HEX. 3mm.
TUERM013,TUERCA HEX. 5mm.
TUERM014,TUERCA HEX. DE SEGURIDAD 12mm
TUERM015,TUERCA P/RAN.40 M4 (ITEM)
TUERM016,TUERCA P/RAN.40 M5 (ITEM)
TUERM017,TUERCA P/RAN.40 M6 (ITEM)
TUERM018,TUERCA HEX. 18MM
TUERM019,TUERCA HEX. DE SEGURIDAD 20MM
TUERM020,TUERCA HEX. DE SEGUIRIDAD 14MM
TUERM021,TUERCA HEX. DE SEGURIDAD 10MM
TUERM022,TUERCA HEX. DE SEGURIDAD 16mm. INOX.
TUERS001,"TUERCA CIEGA 1/2"""
TUERS002,"TUERCA HEX. 1/4"""
TUERS003,"TUERCA HEX. 5/16"" GALV"
TUERS004,"TUERCA HEX. 3/8"""
TUERS005,"TUERCA HEX. 1/2"""
TUERS006,"TUERCA HEX. 5/8"""
TUERS007,"TUERCA HEX. 3/4"""
TUERS008,"TUERCA HEX. 1"""
TUERS009,"TUERCA HEX. DE SEGURIDAD 1/4"""
TUERS010,"TUERCA HEX. DE SEGURIDAD 1/2"""
TUERS011,"TUERCA HEX. INOX. 3/8"""
TUERS012,"TUERCA HEX. INOX. 1/2"""
TUERS013,"TUERCA UNION GALV. ROSC. 150 LBS. 1/2"""
TUERS014,"TUERCA FLAGE (CON PESTAÑA) 1/2"""
TUERS015,"TUERCA ACME 1/2"""
TUERS016,"TUERCA HEX. 5/16"""
TUERS017,"TUERCA UNION GALV HIERRO ROSC 150 LBS DE 1"""
TUERS018,"TUERCA HEX INOX 1/4"""
TUERS019,"TUERCA HEX INOX 5/16"""
TUERS020,"TUERCA HEX INOX 7/16"""
TUERS021,"TUERCA HEX. INOX. 1"""
TUERS022,"TUERCA HEX. 1 1/2"" - 6 HILOS"
TUERS023,"TUERCA HEX. 2"" - 4 1/2 HILOS"
TUERS026,TUERCA DE SEGURIDAD INOX. 5/8”
VALV-001,"VALVULA BOLA BCE 555 DE 1/2"""
VENTS001,"VENTILA SUPERVENTS 1/4"" X 8mm"
VENTS002,VENTILA SUPERVENTS 5/16 X 8mm
VENTS003,"VENTILA SUPERVENTS 3/8"" X 8mm"
VENTS004,"VENTILA SUPERVENTS 1/2"" X 8mm"
VENTS005,"VENTILA DE REJILLA DE 1/4"" X 8 mm APER 0.5"
VENTS006,"VENTILA DE REJILLA DE 5/16"" X 8mm APER. 0.3"
VENTS007,"VENTILA DE REJILLA DE 3/8"" X 8mm"
VENTS008,"VENTILA DE REJILLA DE 1/2"" X 8mm APER. 0.3"
VENTS009,"VENTILA DE REJILLA DE 3/4"" X 8mm APER 0.3"
VENTS010,"VENTILA RANURADA DE LATON DE 5/16"""
VENTS011,"VENTILA RANURADA DE LATON DE 3/8"""
VENTS012,"VENTILA DE REJILLA DE LATON DE 5/16"""
VENTS013,"VENTILA DE REJILLA DE LATON DE 3/8"""
VINI-001,VINILICA BLANCO SATINADO
ZAPA-001,ZAPATA DE OJILLO 12 - 10 1/4
ZAPA-002,ZAPATA DE OJILLO 12 -10 3/16
ZAPA-003,ZAPATA DE OJILLO C-4 3/8
ZAPA-004,ZAPATA DE OJILLO 16 - 14 1/8
ZAPA-005,ZAPATA DE OJILLO 16 - 14 1/4
ZAPA-006,ZAPATA DE OJILLO 16 - 14 3/16
ZAPA-007,ZAPATA DE OJILLO C-6 3/16
ZAPA-008,ZAPATA DE OJILLO C-2 5/16
ZAPA-009,ZAPATA BRONCE 300 A SKU:109
ZAPA-010,ZAPATA COBRE 300 A CABLE 1/0 2/0 #43-04 TO SKU: 1167
ZAPA-011,"ZAPATA TERM. CU. CAL. 1/0 CAÑON CORTO OJILLO 5/16"""
,
,
,
,MACHUELO HSS M18 X 1.5
,BRONCA HSS 31/32” C/ZANCO DE 1/2”
,BROCA HSS CONICA 1”
,LOCTITE 290 - VERDE
,"RIMAS HSS 22 mm "
,"RIMAS HSS 18 mm "
,"RIMAS HSS 10.5 mm "
,"RIMAS HSS 11 mm "
,"RIMAS HSS 14.6 mm "
,"RIMAS HSS 7 mm "
,"RIMAS HSS 6.5 mm "
,"RIMAS HSS 3.9 mm "
,RIMAS HSS 9/16
,MACHUELO  HSS 3/4 - 16 UNF
,MACHUELO HSS 5/8 - 18
,MACHUELO HSS 3/8 - 1/8  NPT
,MACHUELO HSS 7/16 - 20 UNF
,MACHUELO HSS 1/4 - 18 NPS
,MACHUELO HSS 1/4 - 32 ESPECIAL
,MACHUELO HSS SEMICONICO 1/4 - 28
,MACHUELO HSS 1/8 - 24 BSP
,MACHUELO HSS 1/2 - 13 BARREO CIEGO T838NC05000-13RH3-AKCP32
,MACHUELO HSS M12 X 1.75 BARREO CIEGO T830M120X175 RGH - D6
,MACHUELO HSS M18 X 1.0
,BROCA HSS 45/64
,BROCA HSS 21/32 C/ZANCO 1/2”
,BROCA HSS 61/64 C/ZANCO 1/2”
,BROCA HSS 11/16 C/ZANCO 1/2”
,BROCA HSS 23/32 C/ZANCO 1/2
,BROCA HSSS 49/64 C/ZANCO 1/2”
,BROCA HSS 23 mm C/ZANCO 1/2”
,BROCA HSS 14.5 mm C/ZANCO 1/2”
,BROCA HSS 15 mm C/ZANCO1/2”
,BROCA HSS 15.5mm C/ZANCO 1/2”
,"TORNILLO CAB. PLANA ALLEN 1/4 X 3/4"""